[0m22:23:19.961321 [debug] [MainThread]: Sending event: {'category': 'dbt', 'action': 'invocation', 'label': 'start', 'context': [<snowplow_tracker.self_describing_json.SelfDescribingJson object at 0x1053bfc80>, <snowplow_tracker.self_describing_json.SelfDescribingJson object at 0x106cd2120>, <snowplow_tracker.self_describing_json.SelfDescribingJson object at 0x106cd20f0>]}


============================== 22:23:19.964843 | a76da804-6ac3-4566-87cb-2da7c7a23539 ==============================
[0m22:23:19.964843 [info ] [MainThread]: Running with dbt=1.11.2
[0m22:23:19.965185 [debug] [MainThread]: running dbt with arguments {'warn_error': 'None', 'static_parser': 'True', 'warn_error_options': 'WarnErrorOptionsV2(error=[], warn=[], silence=[])', 'partial_parse': 'True', 'invocation_command': 'dbt init', 'log_path': 'logs', 'quiet': 'False', 'fail_fast': 'False', 'send_anonymous_usage_stats': 'True', 'no_print': 'None', 'profiles_dir': '/Users/brendanwallace-nash/.dbt', 'empty': 'None', 'introspect': 'True', 'log_cache_events': 'False', 'use_colors': 'True', 'cache_selected_only': 'False', 'printer_width': '80', 'indirect_selection': 'eager', 'debug': 'False', 'log_format': 'default', 'write_json': 'True', 'target_path': 'None', 'version_check': 'True', 'use_experimental_parser': 'False'}
[0m22:23:29.929291 [debug] [MainThread]: Starter project path: /Library/Frameworks/Python.framework/Versions/3.12/lib/python3.12/site-packages/dbt/include/starter_project
[0m22:23:29.938814 [info ] [MainThread]: 
Your new dbt project "red_pandas_project" was created!

For more information on how to configure the profiles.yml file,
please consult the dbt documentation here:

  https://docs.getdbt.com/docs/configure-your-profile

One more thing:

Need help? Don't hesitate to reach out to us via GitHub issues or on Slack:

  https://community.getdbt.com/

Happy modeling!

[0m22:23:29.939334 [info ] [MainThread]: Setting up your profile.
[0m22:27:20.803195 [info ] [MainThread]: Profile red_pandas_project written to /Users/brendanwallace-nash/.dbt/profiles.yml using target's profile_template.yml and your supplied values. Run 'dbt debug' to validate the connection.
[0m22:27:20.839667 [debug] [MainThread]: Resource report: {"command_name": "init", "command_success": true, "command_wall_clock_time": 240.91487, "process_in_blocks": "0", "process_kernel_time": 0.201391, "process_mem_max_rss": "111542272", "process_out_blocks": "0", "process_user_time": 0.783684}
[0m22:27:20.840682 [debug] [MainThread]: Command `dbt init` succeeded at 22:27:20.840519 after 240.92 seconds
[0m22:27:20.841283 [debug] [MainThread]: Sending event: {'category': 'dbt', 'action': 'invocation', 'label': 'end', 'context': [<snowplow_tracker.self_describing_json.SelfDescribingJson object at 0x107983fb0>, <snowplow_tracker.self_describing_json.SelfDescribingJson object at 0x1079bdf10>, <snowplow_tracker.self_describing_json.SelfDescribingJson object at 0x1053bfc80>]}
[0m22:27:20.841664 [debug] [MainThread]: Flushing usage events
[0m22:27:22.213724 [debug] [MainThread]: An error was encountered while trying to flush usage events
[0m14:33:39.672999 [debug] [MainThread]: Sending event: {'category': 'dbt', 'action': 'invocation', 'label': 'start', 'context': [<snowplow_tracker.self_describing_json.SelfDescribingJson object at 0x107ee4680>, <snowplow_tracker.self_describing_json.SelfDescribingJson object at 0x107f51910>, <snowplow_tracker.self_describing_json.SelfDescribingJson object at 0x110764110>]}


============================== 14:33:42.960419 | 1a7566f3-cbea-4132-8923-d96706e099da ==============================
[0m14:33:42.960419 [info ] [MainThread]: Running with dbt=1.11.2
[0m14:33:42.963117 [debug] [MainThread]: running dbt with arguments {'indirect_selection': 'eager', 'log_format': 'default', 'no_print': 'None', 'static_parser': 'True', 'write_json': 'True', 'warn_error_options': 'WarnErrorOptionsV2(error=[], warn=[], silence=[])', 'use_experimental_parser': 'False', 'warn_error': 'None', 'use_colors': 'True', 'log_path': 'logs', 'profiles_dir': '/Users/brendanwallace-nash/.dbt', 'cache_selected_only': 'False', 'version_check': 'True', 'fail_fast': 'False', 'invocation_command': 'dbt build', 'empty': 'False', 'introspect': 'True', 'partial_parse': 'True', 'debug': 'False', 'target_path': 'None', 'log_cache_events': 'False', 'printer_width': '80', 'quiet': 'False', 'send_anonymous_usage_stats': 'True'}
[0m14:33:42.964298 [error] [MainThread]: Encountered an error:
Runtime Error
  No dbt_project.yml found at expected path /Users/brendanwallace-nash/Documents/red_pandas_project/dbt/dbt/dbt_project.yml
  Verify that each entry within packages.yml (and their transitive dependencies) contains a file named dbt_project.yml
  
[0m14:33:42.968332 [debug] [MainThread]: Resource report: {"command_name": "build", "command_success": false, "command_wall_clock_time": 3.339173, "process_in_blocks": "0", "process_kernel_time": 0.141774, "process_mem_max_rss": "112001024", "process_out_blocks": "0", "process_user_time": 0.921426}
[0m14:33:42.969129 [debug] [MainThread]: Command `dbt build` failed at 14:33:42.968996 after 3.34 seconds
[0m14:33:42.969701 [debug] [MainThread]: Sending event: {'category': 'dbt', 'action': 'invocation', 'label': 'end', 'context': [<snowplow_tracker.self_describing_json.SelfDescribingJson object at 0x110733da0>, <snowplow_tracker.self_describing_json.SelfDescribingJson object at 0x1102c7740>, <snowplow_tracker.self_describing_json.SelfDescribingJson object at 0x1106e83b0>]}
[0m14:33:42.970198 [debug] [MainThread]: Flushing usage events
[0m14:33:44.780655 [debug] [MainThread]: An error was encountered while trying to flush usage events
[0m14:41:43.052521 [debug] [MainThread]: Sending event: {'category': 'dbt', 'action': 'invocation', 'label': 'start', 'context': [<snowplow_tracker.self_describing_json.SelfDescribingJson object at 0x1087c38f0>, <snowplow_tracker.self_describing_json.SelfDescribingJson object at 0x108933da0>, <snowplow_tracker.self_describing_json.SelfDescribingJson object at 0x108933f50>]}


============================== 14:41:43.056050 | 8e76f0ba-dfc3-4828-a2fd-f1d08ae009d7 ==============================
[0m14:41:43.056050 [info ] [MainThread]: Running with dbt=1.11.2
[0m14:41:43.056483 [debug] [MainThread]: running dbt with arguments {'warn_error_options': 'WarnErrorOptionsV2(error=[], warn=[], silence=[])', 'invocation_command': 'dbt build', 'partial_parse': 'True', 'use_colors': 'True', 'cache_selected_only': 'False', 'printer_width': '80', 'quiet': 'False', 'version_check': 'True', 'static_parser': 'True', 'warn_error': 'None', 'no_print': 'None', 'use_experimental_parser': 'False', 'log_path': '/Users/brendanwallace-nash/Documents/red_pandas_project/dbt/dbt/logs', 'indirect_selection': 'eager', 'write_json': 'True', 'introspect': 'True', 'fail_fast': 'False', 'debug': 'False', 'profiles_dir': '/Users/brendanwallace-nash/.dbt', 'log_cache_events': 'False', 'log_format': 'default', 'send_anonymous_usage_stats': 'True', 'target_path': 'None', 'empty': 'False'}
[0m14:41:43.168470 [debug] [MainThread]: Sending event: {'category': 'dbt', 'action': 'project_id', 'label': '8e76f0ba-dfc3-4828-a2fd-f1d08ae009d7', 'context': [<snowplow_tracker.self_describing_json.SelfDescribingJson object at 0x105ba1580>]}
[0m14:41:43.206118 [debug] [MainThread]: Sending event: {'category': 'dbt', 'action': 'adapter_info', 'label': '8e76f0ba-dfc3-4828-a2fd-f1d08ae009d7', 'context': [<snowplow_tracker.self_describing_json.SelfDescribingJson object at 0x108d141a0>]}
[0m14:41:43.206738 [info ] [MainThread]: Registered adapter: postgres=1.10.0
[0m14:41:43.278605 [debug] [MainThread]: checksum: 3d40d8bbe1bef07db1c24822f2dbfff8bc07f2a48ed4fe2658a40653aec0b54b, vars: {}, profile: , target: , version: 1.11.2
[0m14:41:43.279526 [info ] [MainThread]: Unable to do partial parsing because saved manifest not found. Starting full parse.
[0m14:41:43.279798 [debug] [MainThread]: Sending event: {'category': 'dbt', 'action': 'partial_parser', 'label': '8e76f0ba-dfc3-4828-a2fd-f1d08ae009d7', 'context': [<snowplow_tracker.self_describing_json.SelfDescribingJson object at 0x108250830>]}
[0m14:41:43.860953 [warn ] [MainThread]: [[33mWARNING[0m]: Did not find matching node for patch with name 'stg_customer' in the 'models' section of file 'models/staging/schema.yml'
[0m14:41:43.862543 [warn ] [MainThread]: [[33mWARNING[0m]: Did not find matching node for patch with name 'stg_orders' in the 'models' section of file 'models/staging/schema.yml'
[0m14:41:43.923525 [warn ] [MainThread]: [[33mWARNING[0m][MissingArgumentsPropertyInGenericTestDeprecation]: Deprecated
functionality
Found top-level arguments to test `accepted_values` defined on 'stg_customer' in
package 'red_pandas_project' (models/staging/schema.yml). Arguments to generic
tests should be nested under the `arguments` property.
[0m14:41:43.923959 [debug] [MainThread]: Sending event: {'category': 'dbt', 'action': 'deprecation', 'label': '8e76f0ba-dfc3-4828-a2fd-f1d08ae009d7', 'property_': 'warn', 'context': [<snowplow_tracker.self_describing_json.SelfDescribingJson object at 0x109a8ffe0>]}
[0m14:41:44.025033 [error] [MainThread]: Encountered an error:
Compilation Error
  Model 'model.red_pandas_project.customer' (models/staging/customer.sql) depends on a source named 'raw.customer' which was not found
[0m14:41:44.025602 [warn ] [MainThread]: [[33mWARNING[0m][DeprecationsSummary]: Deprecated functionality
Summary of encountered deprecations:
- MissingArgumentsPropertyInGenericTestDeprecation: 4 occurrences
To see all deprecation instances instead of just the first occurrence of each,
run command again with the `--show-all-deprecations` flag. You may also need to
run with `--no-partial-parse` as some deprecations are only encountered during
parsing.
[0m14:41:44.027683 [debug] [MainThread]: Resource report: {"command_name": "build", "command_success": false, "command_wall_clock_time": 1.019957, "process_in_blocks": "0", "process_kernel_time": 0.212197, "process_mem_max_rss": "129941504", "process_out_blocks": "0", "process_user_time": 1.817611}
[0m14:41:44.028013 [debug] [MainThread]: Command `dbt build` failed at 14:41:44.027953 after 1.02 seconds
[0m14:41:44.028265 [debug] [MainThread]: Sending event: {'category': 'dbt', 'action': 'invocation', 'label': 'end', 'context': [<snowplow_tracker.self_describing_json.SelfDescribingJson object at 0x108933cb0>, <snowplow_tracker.self_describing_json.SelfDescribingJson object at 0x109b2bc50>, <snowplow_tracker.self_describing_json.SelfDescribingJson object at 0x1099a1160>]}
[0m14:41:44.028505 [debug] [MainThread]: Flushing usage events
[0m14:41:46.065426 [debug] [MainThread]: An error was encountered while trying to flush usage events
[0m14:44:32.460754 [debug] [MainThread]: Sending event: {'category': 'dbt', 'action': 'invocation', 'label': 'start', 'context': [<snowplow_tracker.self_describing_json.SelfDescribingJson object at 0x103cc9970>, <snowplow_tracker.self_describing_json.SelfDescribingJson object at 0x106833fb0>, <snowplow_tracker.self_describing_json.SelfDescribingJson object at 0x106864200>]}


============================== 14:44:32.464099 | 36223c7a-7894-4845-b923-440d0b826011 ==============================
[0m14:44:32.464099 [info ] [MainThread]: Running with dbt=1.11.2
[0m14:44:32.464531 [debug] [MainThread]: running dbt with arguments {'warn_error': 'None', 'send_anonymous_usage_stats': 'True', 'quiet': 'False', 'version_check': 'True', 'target_path': 'None', 'static_parser': 'True', 'use_colors': 'True', 'use_experimental_parser': 'False', 'invocation_command': 'dbt build', 'indirect_selection': 'eager', 'partial_parse': 'True', 'log_format': 'default', 'no_print': 'None', 'log_cache_events': 'False', 'printer_width': '80', 'introspect': 'True', 'empty': 'False', 'cache_selected_only': 'False', 'profiles_dir': '/Users/brendanwallace-nash/.dbt', 'log_path': '/Users/brendanwallace-nash/Documents/red_pandas_project/dbt/dbt/logs', 'write_json': 'True', 'fail_fast': 'False', 'debug': 'False', 'warn_error_options': 'WarnErrorOptionsV2(error=[], warn=[], silence=[])'}
[0m14:44:32.576192 [debug] [MainThread]: Sending event: {'category': 'dbt', 'action': 'project_id', 'label': '36223c7a-7894-4845-b923-440d0b826011', 'context': [<snowplow_tracker.self_describing_json.SelfDescribingJson object at 0x1067ec740>]}
[0m14:44:32.614705 [debug] [MainThread]: Sending event: {'category': 'dbt', 'action': 'adapter_info', 'label': '36223c7a-7894-4845-b923-440d0b826011', 'context': [<snowplow_tracker.self_describing_json.SelfDescribingJson object at 0x1055963c0>]}
[0m14:44:32.615399 [info ] [MainThread]: Registered adapter: postgres=1.10.0
[0m14:44:32.687565 [debug] [MainThread]: checksum: 3d40d8bbe1bef07db1c24822f2dbfff8bc07f2a48ed4fe2658a40653aec0b54b, vars: {}, profile: , target: , version: 1.11.2
[0m14:44:32.688511 [info ] [MainThread]: Unable to do partial parsing because saved manifest not found. Starting full parse.
[0m14:44:32.688808 [debug] [MainThread]: Sending event: {'category': 'dbt', 'action': 'partial_parser', 'label': '36223c7a-7894-4845-b923-440d0b826011', 'context': [<snowplow_tracker.self_describing_json.SelfDescribingJson object at 0x1067ec8c0>]}
[0m14:44:33.261239 [warn ] [MainThread]: [[33mWARNING[0m]: Did not find matching node for patch with name 'stg_customer' in the 'models' section of file 'models/staging/schema.yml'
[0m14:44:33.262774 [warn ] [MainThread]: [[33mWARNING[0m]: Did not find matching node for patch with name 'stg_orders' in the 'models' section of file 'models/staging/schema.yml'
[0m14:44:33.320558 [warn ] [MainThread]: [[33mWARNING[0m][MissingArgumentsPropertyInGenericTestDeprecation]: Deprecated
functionality
Found top-level arguments to test `accepted_values` defined on 'stg_customer' in
package 'red_pandas_project' (models/staging/schema.yml). Arguments to generic
tests should be nested under the `arguments` property.
[0m14:44:33.320965 [debug] [MainThread]: Sending event: {'category': 'dbt', 'action': 'deprecation', 'label': '36223c7a-7894-4845-b923-440d0b826011', 'property_': 'warn', 'context': [<snowplow_tracker.self_describing_json.SelfDescribingJson object at 0x1076540e0>]}
[0m14:44:33.417696 [warn ] [MainThread]: [[33mWARNING[0m]: Test 'test.red_pandas_project.unique_stg_customer_customer_id.310773d0ea' (models/staging/schema.yml) depends on a node named 'stg_customer' in package '' which was not found
[0m14:44:33.418107 [warn ] [MainThread]: [[33mWARNING[0m]: Test 'test.red_pandas_project.not_null_stg_customer_customer_id.4721d3b88d' (models/staging/schema.yml) depends on a node named 'stg_customer' in package '' which was not found
[0m14:44:33.418343 [warn ] [MainThread]: [[33mWARNING[0m]: Test 'test.red_pandas_project.not_null_stg_customer_state.26bb7274de' (models/staging/schema.yml) depends on a node named 'stg_customer' in package '' which was not found
[0m14:44:33.418561 [warn ] [MainThread]: [[33mWARNING[0m]: Test 'test.red_pandas_project.accepted_values_stg_customer_state__NSW__VIC__QLD__SA__WA__TAS__NT__ACT.e697c50e77' (models/staging/schema.yml) depends on a node named 'stg_customer' in package '' which was not found
[0m14:44:33.418766 [warn ] [MainThread]: [[33mWARNING[0m]: Test 'test.red_pandas_project.unique_stg_orders_order_id.e3b841c71a' (models/staging/schema.yml) depends on a node named 'stg_orders' in package '' which was not found
[0m14:44:33.418966 [warn ] [MainThread]: [[33mWARNING[0m]: Test 'test.red_pandas_project.not_null_stg_orders_order_id.81cfe2fe64' (models/staging/schema.yml) depends on a node named 'stg_orders' in package '' which was not found
[0m14:44:33.419166 [warn ] [MainThread]: [[33mWARNING[0m]: Test 'test.red_pandas_project.not_null_stg_orders_created_at.9740113cf3' (models/staging/schema.yml) depends on a node named 'stg_orders' in package '' which was not found
[0m14:44:33.419359 [warn ] [MainThread]: [[33mWARNING[0m]: Test 'test.red_pandas_project.not_null_stg_orders_customer_id.af79d5e4b5' (models/staging/schema.yml) depends on a node named 'stg_orders' in package '' which was not found
[0m14:44:33.419551 [warn ] [MainThread]: [[33mWARNING[0m]: Test 'test.red_pandas_project.relationships_stg_orders_customer_id__customer_id__ref_stg_customer_.fe26401f11' (models/staging/schema.yml) depends on a node named 'stg_customer' in package '' which was not found
[0m14:44:33.419764 [warn ] [MainThread]: [[33mWARNING[0m]: Test 'test.red_pandas_project.relationships_stg_orders_customer_id__customer_id__ref_stg_customer_.fe26401f11' (models/staging/schema.yml) depends on a node named 'stg_orders' in package '' which was not found
[0m14:44:33.419958 [warn ] [MainThread]: [[33mWARNING[0m]: Test 'test.red_pandas_project.not_null_stg_orders_order_quantity.a826ca2d21' (models/staging/schema.yml) depends on a node named 'stg_orders' in package '' which was not found
[0m14:44:33.471586 [warn ] [MainThread]: [[33mWARNING[0m]: Configuration paths exist in your dbt_project.yml file which do not apply to any resources.
There are 1 unused configuration paths:
- models.red_pandas_project.example
[0m14:44:33.479156 [debug] [MainThread]: Sending event: {'category': 'dbt', 'action': 'load_project', 'label': '36223c7a-7894-4845-b923-440d0b826011', 'context': [<snowplow_tracker.self_describing_json.SelfDescribingJson object at 0x107b056a0>]}
[0m14:44:33.536810 [debug] [MainThread]: Wrote artifact WritableManifest to /Users/brendanwallace-nash/Documents/red_pandas_project/dbt/dbt/target/manifest.json
[0m14:44:33.538533 [debug] [MainThread]: Wrote artifact SemanticManifest to /Users/brendanwallace-nash/Documents/red_pandas_project/dbt/dbt/target/semantic_manifest.json
[0m14:44:33.556583 [debug] [MainThread]: Sending event: {'category': 'dbt', 'action': 'resource_counts', 'label': '36223c7a-7894-4845-b923-440d0b826011', 'context': [<snowplow_tracker.self_describing_json.SelfDescribingJson object at 0x107b5fb30>]}
[0m14:44:33.556955 [info ] [MainThread]: Found 2 models, 7 data tests, 2 sources, 464 macros
[0m14:44:33.558492 [info ] [MainThread]: 
[0m14:44:33.558740 [info ] [MainThread]: Concurrency: 6 threads (target='dev')
[0m14:44:33.558949 [info ] [MainThread]: 
[0m14:44:33.559262 [debug] [MainThread]: Acquiring new postgres connection 'master'
[0m14:44:33.561869 [debug] [ThreadPool]: Acquiring new postgres connection 'list_eccom_db'
[0m14:44:33.618959 [debug] [ThreadPool]: Using postgres connection "list_eccom_db"
[0m14:44:33.619309 [debug] [ThreadPool]: On list_eccom_db: /* {"app": "dbt", "dbt_version": "1.11.2", "profile_name": "red_pandas_project", "target_name": "dev", "connection_name": "list_eccom_db"} */

    select distinct nspname from pg_namespace
  
[0m14:44:33.619513 [debug] [ThreadPool]: Opening a new connection, currently in state init
[0m14:44:33.856451 [debug] [ThreadPool]: Postgres adapter: Got a retryable error when attempting to open a postgres connection.
1 attempts remaining. Retrying in 0 seconds.
Error:
could not translate host name "postgres:15-alpine" to address: nodename nor servname provided, or not known

[0m14:44:33.862559 [debug] [ThreadPool]: Postgres adapter: Error running SQL: /* {"app": "dbt", "dbt_version": "1.11.2", "profile_name": "red_pandas_project", "target_name": "dev", "connection_name": "list_eccom_db"} */

    select distinct nspname from pg_namespace
  
[0m14:44:33.863315 [debug] [ThreadPool]: Postgres adapter: Rolling back transaction.
[0m14:44:33.863935 [debug] [ThreadPool]: Postgres adapter: Error running SQL: macro list_schemas
[0m14:44:33.864387 [debug] [ThreadPool]: Postgres adapter: Rolling back transaction.
[0m14:44:33.864868 [debug] [ThreadPool]: On list_eccom_db: No close available on handle
[0m14:44:33.865913 [debug] [MainThread]: Connection 'master' was properly closed.
[0m14:44:33.866342 [debug] [MainThread]: Connection 'list_eccom_db' was properly closed.
[0m14:44:33.866795 [info ] [MainThread]: 
[0m14:44:33.867208 [info ] [MainThread]: Finished running  in 0 hours 0 minutes and 0.31 seconds (0.31s).
[0m14:44:33.867813 [error] [MainThread]: Encountered an error:
Database Error
  could not translate host name "postgres:15-alpine" to address: nodename nor servname provided, or not known
  
[0m14:44:33.868548 [warn ] [MainThread]: [[33mWARNING[0m][DeprecationsSummary]: Deprecated functionality
Summary of encountered deprecations:
- MissingArgumentsPropertyInGenericTestDeprecation: 4 occurrences
To see all deprecation instances instead of just the first occurrence of each,
run command again with the `--show-all-deprecations` flag. You may also need to
run with `--no-partial-parse` as some deprecations are only encountered during
parsing.
[0m14:44:33.872536 [debug] [MainThread]: Resource report: {"command_name": "build", "command_success": false, "command_wall_clock_time": 1.457833, "process_in_blocks": "0", "process_kernel_time": 0.245491, "process_mem_max_rss": "138838016", "process_out_blocks": "0", "process_user_time": 1.976497}
[0m14:44:33.873127 [debug] [MainThread]: Command `dbt build` failed at 14:44:33.873018 after 1.46 seconds
[0m14:44:33.873528 [debug] [MainThread]: Sending event: {'category': 'dbt', 'action': 'invocation', 'label': 'end', 'context': [<snowplow_tracker.self_describing_json.SelfDescribingJson object at 0x107b666f0>, <snowplow_tracker.self_describing_json.SelfDescribingJson object at 0x107ba6420>, <snowplow_tracker.self_describing_json.SelfDescribingJson object at 0x107b71ac0>]}
[0m14:44:33.873928 [debug] [MainThread]: Flushing usage events
[0m14:44:36.008141 [debug] [MainThread]: An error was encountered while trying to flush usage events
[0m17:29:35.616379 [debug] [MainThread]: Sending event: {'category': 'dbt', 'action': 'invocation', 'label': 'start', 'context': [<snowplow_tracker.self_describing_json.SelfDescribingJson object at 0x106d51a60>, <snowplow_tracker.self_describing_json.SelfDescribingJson object at 0x107c2fa10>, <snowplow_tracker.self_describing_json.SelfDescribingJson object at 0x107c640e0>]}


============================== 17:29:37.790005 | 2f5a387c-c871-422b-af0f-fe5c53779779 ==============================
[0m17:29:37.790005 [info ] [MainThread]: Running with dbt=1.11.2
[0m17:29:37.792476 [debug] [MainThread]: running dbt with arguments {'log_cache_events': 'False', 'log_path': '/Users/brendanwallace-nash/Documents/red_pandas_project/dbt/dbt/logs', 'partial_parse': 'True', 'warn_error': 'None', 'send_anonymous_usage_stats': 'True', 'log_format': 'default', 'static_parser': 'True', 'write_json': 'True', 'invocation_command': 'dbt seed', 'introspect': 'True', 'target_path': 'None', 'use_colors': 'True', 'cache_selected_only': 'False', 'version_check': 'True', 'empty': 'None', 'indirect_selection': 'eager', 'printer_width': '80', 'warn_error_options': 'WarnErrorOptionsV2(error=[], warn=[], silence=[])', 'no_print': 'None', 'debug': 'False', 'quiet': 'False', 'profiles_dir': '/Users/brendanwallace-nash/.dbt', 'use_experimental_parser': 'False', 'fail_fast': 'False'}
[0m17:29:37.961029 [error] [MainThread]: Encountered an error:
Runtime Error
  at path []: Additional properties are not allowed ('analysis-path', 'marco-paths', 'seed-path', 'snapshots-path' were unexpected)

Error encountered in /Users/brendanwallace-nash/Documents/red_pandas_project/dbt/dbt/dbt_project.yml
[0m17:29:37.983853 [debug] [MainThread]: Resource report: {"command_name": "seed", "command_success": false, "command_wall_clock_time": 4.1581006, "process_in_blocks": "0", "process_kernel_time": 0.261204, "process_mem_max_rss": "116211712", "process_out_blocks": "0", "process_user_time": 1.029576}
[0m17:29:37.984349 [debug] [MainThread]: Command `dbt seed` failed at 17:29:37.984269 after 4.16 seconds
[0m17:29:37.984637 [debug] [MainThread]: Sending event: {'category': 'dbt', 'action': 'invocation', 'label': 'end', 'context': [<snowplow_tracker.self_describing_json.SelfDescribingJson object at 0x107891280>, <snowplow_tracker.self_describing_json.SelfDescribingJson object at 0x107be85f0>, <snowplow_tracker.self_describing_json.SelfDescribingJson object at 0x107c154c0>]}
[0m17:29:37.984923 [debug] [MainThread]: Flushing usage events
[0m17:29:39.166362 [debug] [MainThread]: An error was encountered while trying to flush usage events
[0m17:32:36.765720 [debug] [MainThread]: Sending event: {'category': 'dbt', 'action': 'invocation', 'label': 'start', 'context': [<snowplow_tracker.self_describing_json.SelfDescribingJson object at 0x106ef8110>, <snowplow_tracker.self_describing_json.SelfDescribingJson object at 0x11102f9b0>, <snowplow_tracker.self_describing_json.SelfDescribingJson object at 0x11102ffe0>]}


============================== 17:32:36.769327 | ac90cb74-6649-42eb-80d3-b7e724dd314c ==============================
[0m17:32:36.769327 [info ] [MainThread]: Running with dbt=1.11.2
[0m17:32:36.769782 [debug] [MainThread]: running dbt with arguments {'warn_error': 'None', 'invocation_command': 'dbt seed', 'fail_fast': 'False', 'log_cache_events': 'False', 'no_print': 'None', 'version_check': 'True', 'send_anonymous_usage_stats': 'True', 'write_json': 'True', 'static_parser': 'True', 'quiet': 'False', 'debug': 'False', 'partial_parse': 'True', 'log_path': '/Users/brendanwallace-nash/Documents/red_pandas_project/dbt/dbt/logs', 'printer_width': '80', 'use_colors': 'True', 'target_path': 'None', 'empty': 'None', 'indirect_selection': 'eager', 'warn_error_options': 'WarnErrorOptionsV2(error=[], warn=[], silence=[])', 'log_format': 'default', 'introspect': 'True', 'profiles_dir': '/Users/brendanwallace-nash/.dbt', 'use_experimental_parser': 'False', 'cache_selected_only': 'False'}
[0m17:32:36.904832 [debug] [MainThread]: Sending event: {'category': 'dbt', 'action': 'project_id', 'label': 'ac90cb74-6649-42eb-80d3-b7e724dd314c', 'context': [<snowplow_tracker.self_describing_json.SelfDescribingJson object at 0x1114fdb20>]}
[0m17:32:36.946212 [debug] [MainThread]: Sending event: {'category': 'dbt', 'action': 'adapter_info', 'label': 'ac90cb74-6649-42eb-80d3-b7e724dd314c', 'context': [<snowplow_tracker.self_describing_json.SelfDescribingJson object at 0x106ef8110>]}
[0m17:32:36.947237 [info ] [MainThread]: Registered adapter: postgres=1.10.0
[0m17:32:37.058646 [debug] [MainThread]: checksum: 3d40d8bbe1bef07db1c24822f2dbfff8bc07f2a48ed4fe2658a40653aec0b54b, vars: {}, profile: , target: , version: 1.11.2
[0m17:32:41.331547 [info ] [MainThread]: Unable to do partial parsing because a project config has changed
[0m17:32:41.332000 [debug] [MainThread]: Sending event: {'category': 'dbt', 'action': 'partial_parser', 'label': 'ac90cb74-6649-42eb-80d3-b7e724dd314c', 'context': [<snowplow_tracker.self_describing_json.SelfDescribingJson object at 0x112837890>]}
[0m17:32:45.985862 [error] [MainThread]: Encountered an error:
Parsing Error
  Invalid test config given in models/staging/schema.yml:
  	test definition dictionary must have exactly one key, got [('accepted_values', {'values': ['AL', 'AK', 'AZ', 'AR', 'CA', 'CO', 'CT', 'DE', 'FL', 'GA', 'HI', 'ID', 'IL', 'IN', 'IA', 'KS', 'KY', 'LA', 'ME', 'MD', 'MA', 'MI', 'MN', 'MS', 'MO', 'MT', 'NE', 'NV', 'NH', 'NJ', 'NM', 'NY', 'NC', 'ND', 'OH', 'OK', 'OR', 'PA', 'RI', 'SC', 'SD', 'TN', 'TX', 'UT', 'VT', 'VA', 'WA', 'WV', 'WI', 'WY', 'DC']}), ('severity', 'warn')] instead (2 keys)
  	@: UnparsedModelUpdate(original_file_path='mode...ne)
[0m17:32:45.988047 [debug] [MainThread]: Resource report: {"command_name": "seed", "command_success": false, "command_wall_clock_time": 9.271617, "process_in_blocks": "0", "process_kernel_time": 0.273408, "process_mem_max_rss": "132169728", "process_out_blocks": "0", "process_user_time": 1.87649}
[0m17:32:45.991360 [debug] [MainThread]: Command `dbt seed` failed at 17:32:45.991292 after 9.27 seconds
[0m17:32:45.991652 [debug] [MainThread]: Sending event: {'category': 'dbt', 'action': 'invocation', 'label': 'end', 'context': [<snowplow_tracker.self_describing_json.SelfDescribingJson object at 0x11102f7a0>, <snowplow_tracker.self_describing_json.SelfDescribingJson object at 0x112c2b020>, <snowplow_tracker.self_describing_json.SelfDescribingJson object at 0x112c2b620>]}
[0m17:32:45.991915 [debug] [MainThread]: Flushing usage events
[0m17:32:47.011659 [debug] [MainThread]: An error was encountered while trying to flush usage events
[0m17:34:09.818977 [debug] [MainThread]: Sending event: {'category': 'dbt', 'action': 'invocation', 'label': 'start', 'context': [<snowplow_tracker.self_describing_json.SelfDescribingJson object at 0x109205910>, <snowplow_tracker.self_describing_json.SelfDescribingJson object at 0x10934ffb0>, <snowplow_tracker.self_describing_json.SelfDescribingJson object at 0x1086a0b30>]}


============================== 17:34:09.822744 | 959bbcd3-84c0-40ce-bfc1-50b6ea400de5 ==============================
[0m17:34:09.822744 [info ] [MainThread]: Running with dbt=1.11.2
[0m17:34:09.823201 [debug] [MainThread]: running dbt with arguments {'version_check': 'True', 'no_print': 'None', 'log_path': '/Users/brendanwallace-nash/Documents/red_pandas_project/dbt/dbt/logs', 'profiles_dir': '/Users/brendanwallace-nash/.dbt', 'log_format': 'default', 'fail_fast': 'False', 'warn_error': 'None', 'printer_width': '80', 'cache_selected_only': 'False', 'use_experimental_parser': 'False', 'warn_error_options': 'WarnErrorOptionsV2(error=[], warn=[], silence=[])', 'static_parser': 'True', 'invocation_command': 'dbt seed', 'target_path': 'None', 'introspect': 'True', 'partial_parse': 'True', 'log_cache_events': 'False', 'write_json': 'True', 'use_colors': 'True', 'send_anonymous_usage_stats': 'True', 'debug': 'False', 'empty': 'None', 'indirect_selection': 'eager', 'quiet': 'False'}
[0m17:34:09.934058 [debug] [MainThread]: Sending event: {'category': 'dbt', 'action': 'project_id', 'label': '959bbcd3-84c0-40ce-bfc1-50b6ea400de5', 'context': [<snowplow_tracker.self_describing_json.SelfDescribingJson object at 0x109394ad0>]}
[0m17:34:09.971716 [debug] [MainThread]: Sending event: {'category': 'dbt', 'action': 'adapter_info', 'label': '959bbcd3-84c0-40ce-bfc1-50b6ea400de5', 'context': [<snowplow_tracker.self_describing_json.SelfDescribingJson object at 0x1093356d0>]}
[0m17:34:09.972324 [info ] [MainThread]: Registered adapter: postgres=1.10.0
[0m17:34:10.044770 [debug] [MainThread]: checksum: 3d40d8bbe1bef07db1c24822f2dbfff8bc07f2a48ed4fe2658a40653aec0b54b, vars: {}, profile: , target: , version: 1.11.2
[0m17:34:10.107052 [info ] [MainThread]: Unable to do partial parsing because a project config has changed
[0m17:34:10.107438 [debug] [MainThread]: Sending event: {'category': 'dbt', 'action': 'partial_parser', 'label': '959bbcd3-84c0-40ce-bfc1-50b6ea400de5', 'context': [<snowplow_tracker.self_describing_json.SelfDescribingJson object at 0x10ab4fef0>]}
[0m17:34:10.841097 [error] [MainThread]: Encountered an error:
Parsing Error
  Invalid test config given in models/staging/schema.yml:
  	test definition dictionary must have exactly one key, got [('accepted_values', {'values': ['AL', 'AK', 'AZ', 'AR', 'CA', 'CO', 'CT', 'DE', 'FL', 'GA', 'HI', 'ID', 'IL', 'IN', 'IA', 'KS', 'KY', 'LA', 'ME', 'MD', 'MA', 'MI', 'MN', 'MS', 'MO', 'MT', 'NE', 'NV', 'NH', 'NJ', 'NM', 'NY', 'NC', 'ND', 'OH', 'OK', 'OR', 'PA', 'RI', 'SC', 'SD', 'TN', 'TX', 'UT', 'VT', 'VA', 'WA', 'WV', 'WI', 'WY', 'DC']}), ('severity', 'warn')] instead (2 keys)
  	@: UnparsedModelUpdate(original_file_path='mode...ne)
[0m17:34:10.843450 [debug] [MainThread]: Resource report: {"command_name": "seed", "command_success": false, "command_wall_clock_time": 1.0720474, "process_in_blocks": "0", "process_kernel_time": 0.266695, "process_mem_max_rss": "131104768", "process_out_blocks": "0", "process_user_time": 1.874131}
[0m17:34:10.844035 [debug] [MainThread]: Command `dbt seed` failed at 17:34:10.843955 after 1.07 seconds
[0m17:34:10.844327 [debug] [MainThread]: Sending event: {'category': 'dbt', 'action': 'invocation', 'label': 'end', 'context': [<snowplow_tracker.self_describing_json.SelfDescribingJson object at 0x1091b75f0>, <snowplow_tracker.self_describing_json.SelfDescribingJson object at 0x1086a1af0>, <snowplow_tracker.self_describing_json.SelfDescribingJson object at 0x10a536270>]}
[0m17:34:10.844581 [debug] [MainThread]: Flushing usage events
[0m17:34:12.001573 [debug] [MainThread]: An error was encountered while trying to flush usage events
[0m17:35:42.838833 [debug] [MainThread]: Sending event: {'category': 'dbt', 'action': 'invocation', 'label': 'start', 'context': [<snowplow_tracker.self_describing_json.SelfDescribingJson object at 0x1079bbaa0>, <snowplow_tracker.self_describing_json.SelfDescribingJson object at 0x107285f10>, <snowplow_tracker.self_describing_json.SelfDescribingJson object at 0x107285f40>]}


============================== 17:35:42.843362 | 072d715c-ce4f-42ca-99bd-4dc772ce20a2 ==============================
[0m17:35:42.843362 [info ] [MainThread]: Running with dbt=1.11.2
[0m17:35:42.843901 [debug] [MainThread]: running dbt with arguments {'profiles_dir': '/Users/brendanwallace-nash/.dbt', 'debug': 'False', 'no_print': 'None', 'introspect': 'True', 'version_check': 'True', 'static_parser': 'True', 'warn_error': 'None', 'fail_fast': 'False', 'target_path': 'None', 'cache_selected_only': 'False', 'log_cache_events': 'False', 'indirect_selection': 'eager', 'empty': 'None', 'use_experimental_parser': 'False', 'log_path': '/Users/brendanwallace-nash/Documents/red_pandas_project/dbt/dbt/logs', 'use_colors': 'True', 'invocation_command': 'dbt seed', 'quiet': 'False', 'printer_width': '80', 'partial_parse': 'True', 'warn_error_options': 'WarnErrorOptionsV2(error=[], warn=[], silence=[])', 'send_anonymous_usage_stats': 'True', 'write_json': 'True', 'log_format': 'default'}
[0m17:35:42.959536 [debug] [MainThread]: Sending event: {'category': 'dbt', 'action': 'project_id', 'label': '072d715c-ce4f-42ca-99bd-4dc772ce20a2', 'context': [<snowplow_tracker.self_describing_json.SelfDescribingJson object at 0x1079e5b20>]}
[0m17:35:42.997956 [debug] [MainThread]: Sending event: {'category': 'dbt', 'action': 'adapter_info', 'label': '072d715c-ce4f-42ca-99bd-4dc772ce20a2', 'context': [<snowplow_tracker.self_describing_json.SelfDescribingJson object at 0x1070bfb60>]}
[0m17:35:42.998644 [info ] [MainThread]: Registered adapter: postgres=1.10.0
[0m17:35:43.072367 [debug] [MainThread]: checksum: 3d40d8bbe1bef07db1c24822f2dbfff8bc07f2a48ed4fe2658a40653aec0b54b, vars: {}, profile: , target: , version: 1.11.2
[0m17:35:43.141669 [info ] [MainThread]: Unable to do partial parsing because a project config has changed
[0m17:35:43.142117 [debug] [MainThread]: Sending event: {'category': 'dbt', 'action': 'partial_parser', 'label': '072d715c-ce4f-42ca-99bd-4dc772ce20a2', 'context': [<snowplow_tracker.self_describing_json.SelfDescribingJson object at 0x107a1e090>]}
[0m17:35:43.850493 [warn ] [MainThread]: [[33mWARNING[0m][MissingArgumentsPropertyInGenericTestDeprecation]: Deprecated
functionality
Found top-level arguments to test `accepted_values` defined on 'stg_customer' in
package 'red_pandas_project' (models/staging/schema.yml). Arguments to generic
tests should be nested under the `arguments` property.
[0m17:35:43.850940 [debug] [MainThread]: Sending event: {'category': 'dbt', 'action': 'deprecation', 'label': '072d715c-ce4f-42ca-99bd-4dc772ce20a2', 'property_': 'warn', 'context': [<snowplow_tracker.self_describing_json.SelfDescribingJson object at 0x1083f7c80>]}
[0m17:35:44.022586 [warn ] [MainThread]: [[33mWARNING[0m]: Configuration paths exist in your dbt_project.yml file which do not apply to any resources.
There are 2 unused configuration paths:
- models.red_pandas_project.marts
- models.red_pandas_project.reporting
[0m17:35:44.029707 [debug] [MainThread]: Sending event: {'category': 'dbt', 'action': 'load_project', 'label': '072d715c-ce4f-42ca-99bd-4dc772ce20a2', 'context': [<snowplow_tracker.self_describing_json.SelfDescribingJson object at 0x109db65d0>]}
[0m17:35:46.561712 [debug] [MainThread]: Wrote artifact WritableManifest to /Users/brendanwallace-nash/Documents/red_pandas_project/dbt/dbt/target/manifest.json
[0m17:35:48.298421 [debug] [MainThread]: Wrote artifact SemanticManifest to /Users/brendanwallace-nash/Documents/red_pandas_project/dbt/dbt/target/semantic_manifest.json
[0m17:35:51.993602 [debug] [MainThread]: Sending event: {'category': 'dbt', 'action': 'resource_counts', 'label': '072d715c-ce4f-42ca-99bd-4dc772ce20a2', 'context': [<snowplow_tracker.self_describing_json.SelfDescribingJson object at 0x109da4d10>]}
[0m17:35:51.994461 [info ] [MainThread]: Found 4 models, 1 seed, 17 data tests, 2 sources, 464 macros
[0m17:35:51.994794 [debug] [MainThread]: Sending event: {'category': 'dbt', 'action': 'runnable_timing', 'label': '072d715c-ce4f-42ca-99bd-4dc772ce20a2', 'context': [<snowplow_tracker.self_describing_json.SelfDescribingJson object at 0x109e0a540>]}
[0m17:35:51.997136 [info ] [MainThread]: 
[0m17:35:51.997516 [info ] [MainThread]: Concurrency: 6 threads (target='dev')
[0m17:35:51.997866 [info ] [MainThread]: 
[0m17:35:51.998884 [debug] [MainThread]: Acquiring new postgres connection 'master'
[0m17:35:52.000124 [debug] [ThreadPool]: Acquiring new postgres connection 'list_eccom_db'
[0m17:35:52.054998 [debug] [ThreadPool]: Using postgres connection "list_eccom_db"
[0m17:35:52.055363 [debug] [ThreadPool]: On list_eccom_db: /* {"app": "dbt", "dbt_version": "1.11.2", "profile_name": "red_pandas_project", "target_name": "dev", "connection_name": "list_eccom_db"} */

    select distinct nspname from pg_namespace
  
[0m17:35:52.055581 [debug] [ThreadPool]: Opening a new connection, currently in state init
[0m17:35:52.082198 [debug] [ThreadPool]: Postgres adapter: Got a retryable error when attempting to open a postgres connection.
1 attempts remaining. Retrying in 0 seconds.
Error:
could not translate host name "postgres:15-alpine" to address: nodename nor servname provided, or not known

[0m17:35:52.085290 [debug] [ThreadPool]: Postgres adapter: Error running SQL: /* {"app": "dbt", "dbt_version": "1.11.2", "profile_name": "red_pandas_project", "target_name": "dev", "connection_name": "list_eccom_db"} */

    select distinct nspname from pg_namespace
  
[0m17:35:52.085538 [debug] [ThreadPool]: Postgres adapter: Rolling back transaction.
[0m17:35:52.085777 [debug] [ThreadPool]: Postgres adapter: Error running SQL: macro list_schemas
[0m17:35:52.085965 [debug] [ThreadPool]: Postgres adapter: Rolling back transaction.
[0m17:35:52.086158 [debug] [ThreadPool]: On list_eccom_db: No close available on handle
[0m17:35:52.086554 [debug] [MainThread]: Connection 'master' was properly closed.
[0m17:35:52.086733 [debug] [MainThread]: Connection 'list_eccom_db' was properly closed.
[0m17:35:52.086910 [info ] [MainThread]: 
[0m17:35:52.087110 [info ] [MainThread]: Finished running  in 0 hours 0 minutes and 0.09 seconds (0.09s).
[0m17:35:52.087399 [error] [MainThread]: Encountered an error:
Database Error
  could not translate host name "postgres:15-alpine" to address: nodename nor servname provided, or not known
  
[0m17:35:52.087747 [warn ] [MainThread]: [[33mWARNING[0m][DeprecationsSummary]: Deprecated functionality
Summary of encountered deprecations:
- MissingArgumentsPropertyInGenericTestDeprecation: 4 occurrences
To see all deprecation instances instead of just the first occurrence of each,
run command again with the `--show-all-deprecations` flag. You may also need to
run with `--no-partial-parse` as some deprecations are only encountered during
parsing.
[0m17:35:52.090270 [debug] [MainThread]: Resource report: {"command_name": "seed", "command_success": false, "command_wall_clock_time": 9.300246, "process_in_blocks": "0", "process_kernel_time": 0.315977, "process_mem_max_rss": "141246464", "process_out_blocks": "0", "process_user_time": 2.149714}
[0m17:35:52.090788 [debug] [MainThread]: Command `dbt seed` failed at 17:35:52.090707 after 9.30 seconds
[0m17:35:52.091089 [debug] [MainThread]: Sending event: {'category': 'dbt', 'action': 'invocation', 'label': 'end', 'context': [<snowplow_tracker.self_describing_json.SelfDescribingJson object at 0x107f67cb0>, <snowplow_tracker.self_describing_json.SelfDescribingJson object at 0x109db6870>, <snowplow_tracker.self_describing_json.SelfDescribingJson object at 0x109df2d50>]}
[0m17:35:52.091343 [debug] [MainThread]: Flushing usage events
[0m17:35:53.067119 [debug] [MainThread]: An error was encountered while trying to flush usage events
[0m17:36:18.514250 [debug] [MainThread]: Sending event: {'category': 'dbt', 'action': 'invocation', 'label': 'start', 'context': [<snowplow_tracker.self_describing_json.SelfDescribingJson object at 0x1104e6570>, <snowplow_tracker.self_describing_json.SelfDescribingJson object at 0x110d2ffb0>, <snowplow_tracker.self_describing_json.SelfDescribingJson object at 0x110b669f0>]}


============================== 17:36:18.517624 | aed1c824-d13a-4c1b-bca8-fdf10bb4b5b8 ==============================
[0m17:36:18.517624 [info ] [MainThread]: Running with dbt=1.11.2
[0m17:36:18.518445 [debug] [MainThread]: running dbt with arguments {'quiet': 'False', 'warn_error': 'None', 'send_anonymous_usage_stats': 'True', 'static_parser': 'True', 'version_check': 'True', 'indirect_selection': 'eager', 'invocation_command': 'dbt run', 'warn_error_options': 'WarnErrorOptionsV2(error=[], warn=[], silence=[])', 'target_path': 'None', 'printer_width': '80', 'partial_parse': 'True', 'debug': 'False', 'no_print': 'None', 'empty': 'False', 'fail_fast': 'False', 'use_colors': 'True', 'log_format': 'default', 'use_experimental_parser': 'False', 'introspect': 'True', 'log_cache_events': 'False', 'log_path': '/Users/brendanwallace-nash/Documents/red_pandas_project/dbt/dbt/logs', 'profiles_dir': '/Users/brendanwallace-nash/.dbt', 'write_json': 'True', 'cache_selected_only': 'False'}
[0m17:36:18.632391 [debug] [MainThread]: Sending event: {'category': 'dbt', 'action': 'project_id', 'label': 'aed1c824-d13a-4c1b-bca8-fdf10bb4b5b8', 'context': [<snowplow_tracker.self_describing_json.SelfDescribingJson object at 0x105799970>]}
[0m17:36:18.670447 [debug] [MainThread]: Sending event: {'category': 'dbt', 'action': 'adapter_info', 'label': 'aed1c824-d13a-4c1b-bca8-fdf10bb4b5b8', 'context': [<snowplow_tracker.self_describing_json.SelfDescribingJson object at 0x110cea270>]}
[0m17:36:18.671084 [info ] [MainThread]: Registered adapter: postgres=1.10.0
[0m17:36:18.741658 [debug] [MainThread]: checksum: 3d40d8bbe1bef07db1c24822f2dbfff8bc07f2a48ed4fe2658a40653aec0b54b, vars: {}, profile: , target: , version: 1.11.2
[0m17:36:18.832473 [debug] [MainThread]: Partial parsing enabled: 0 files deleted, 0 files added, 0 files changed.
[0m17:36:18.832889 [debug] [MainThread]: Nothing changed, skipping partial parsing.
[0m17:36:18.833127 [debug] [MainThread]: Partial parsing enabled, no changes found, skipping parsing
[0m17:36:18.836969 [warn ] [MainThread]: [[33mWARNING[0m]: Configuration paths exist in your dbt_project.yml file which do not apply to any resources.
There are 2 unused configuration paths:
- models.red_pandas_project.marts
- models.red_pandas_project.reporting
[0m17:36:18.870164 [debug] [MainThread]: Sending event: {'category': 'dbt', 'action': 'load_project', 'label': 'aed1c824-d13a-4c1b-bca8-fdf10bb4b5b8', 'context': [<snowplow_tracker.self_describing_json.SelfDescribingJson object at 0x111246600>]}
[0m17:36:18.933544 [debug] [MainThread]: Wrote artifact WritableManifest to /Users/brendanwallace-nash/Documents/red_pandas_project/dbt/dbt/target/manifest.json
[0m17:36:18.935155 [debug] [MainThread]: Wrote artifact SemanticManifest to /Users/brendanwallace-nash/Documents/red_pandas_project/dbt/dbt/target/semantic_manifest.json
[0m17:36:18.946834 [debug] [MainThread]: Sending event: {'category': 'dbt', 'action': 'resource_counts', 'label': 'aed1c824-d13a-4c1b-bca8-fdf10bb4b5b8', 'context': [<snowplow_tracker.self_describing_json.SelfDescribingJson object at 0x111acd130>]}
[0m17:36:18.947201 [info ] [MainThread]: Found 4 models, 1 seed, 17 data tests, 2 sources, 464 macros
[0m17:36:18.947521 [debug] [MainThread]: Sending event: {'category': 'dbt', 'action': 'runnable_timing', 'label': 'aed1c824-d13a-4c1b-bca8-fdf10bb4b5b8', 'context': [<snowplow_tracker.self_describing_json.SelfDescribingJson object at 0x1119fd8b0>]}
[0m17:36:18.949132 [info ] [MainThread]: 
[0m17:36:18.949438 [info ] [MainThread]: Concurrency: 6 threads (target='dev')
[0m17:36:18.949706 [info ] [MainThread]: 
[0m17:36:18.950172 [debug] [MainThread]: Acquiring new postgres connection 'master'
[0m17:36:18.952937 [debug] [ThreadPool]: Acquiring new postgres connection 'list_eccom_db'
[0m17:36:18.993528 [debug] [ThreadPool]: Using postgres connection "list_eccom_db"
[0m17:36:18.993901 [debug] [ThreadPool]: On list_eccom_db: /* {"app": "dbt", "dbt_version": "1.11.2", "profile_name": "red_pandas_project", "target_name": "dev", "connection_name": "list_eccom_db"} */

    select distinct nspname from pg_namespace
  
[0m17:36:18.994162 [debug] [ThreadPool]: Opening a new connection, currently in state init
[0m17:36:18.999154 [debug] [ThreadPool]: Postgres adapter: Got a retryable error when attempting to open a postgres connection.
1 attempts remaining. Retrying in 0 seconds.
Error:
could not translate host name "postgres:15-alpine" to address: nodename nor servname provided, or not known

[0m17:36:19.002563 [debug] [ThreadPool]: Postgres adapter: Error running SQL: /* {"app": "dbt", "dbt_version": "1.11.2", "profile_name": "red_pandas_project", "target_name": "dev", "connection_name": "list_eccom_db"} */

    select distinct nspname from pg_namespace
  
[0m17:36:19.002871 [debug] [ThreadPool]: Postgres adapter: Rolling back transaction.
[0m17:36:19.003149 [debug] [ThreadPool]: Postgres adapter: Error running SQL: macro list_schemas
[0m17:36:19.003361 [debug] [ThreadPool]: Postgres adapter: Rolling back transaction.
[0m17:36:19.003581 [debug] [ThreadPool]: On list_eccom_db: No close available on handle
[0m17:36:19.004043 [debug] [MainThread]: Connection 'master' was properly closed.
[0m17:36:19.004237 [debug] [MainThread]: Connection 'list_eccom_db' was properly closed.
[0m17:36:19.004421 [info ] [MainThread]: 
[0m17:36:19.004832 [info ] [MainThread]: Finished running  in 0 hours 0 minutes and 0.05 seconds (0.05s).
[0m17:36:19.005242 [error] [MainThread]: Encountered an error:
Database Error
  could not translate host name "postgres:15-alpine" to address: nodename nor servname provided, or not known
  
[0m17:36:19.007138 [debug] [MainThread]: Resource report: {"command_name": "run", "command_success": false, "command_wall_clock_time": 0.5372118, "process_in_blocks": "0", "process_kernel_time": 0.263315, "process_mem_max_rss": "130531328", "process_out_blocks": "0", "process_user_time": 1.311798}
[0m17:36:19.007486 [debug] [MainThread]: Command `dbt run` failed at 17:36:19.007425 after 0.54 seconds
[0m17:36:19.007763 [debug] [MainThread]: Sending event: {'category': 'dbt', 'action': 'invocation', 'label': 'end', 'context': [<snowplow_tracker.self_describing_json.SelfDescribingJson object at 0x1109c5f40>, <snowplow_tracker.self_describing_json.SelfDescribingJson object at 0x111fc2e70>, <snowplow_tracker.self_describing_json.SelfDescribingJson object at 0x111c6e150>]}
[0m17:36:19.008011 [debug] [MainThread]: Flushing usage events
[0m17:36:20.071593 [debug] [MainThread]: An error was encountered while trying to flush usage events
[0m21:05:24.575299 [debug] [MainThread]: Sending event: {'category': 'dbt', 'action': 'invocation', 'label': 'start', 'context': [<snowplow_tracker.self_describing_json.SelfDescribingJson object at 0x1045a6960>, <snowplow_tracker.self_describing_json.SelfDescribingJson object at 0x104bbbfb0>, <snowplow_tracker.self_describing_json.SelfDescribingJson object at 0x104bec230>]}


============================== 21:05:26.457173 | e0aaf676-b8de-4c5b-82b7-38edf20acc8c ==============================
[0m21:05:26.457173 [info ] [MainThread]: Running with dbt=1.11.2
[0m21:05:26.459861 [debug] [MainThread]: running dbt with arguments {'use_experimental_parser': 'False', 'version_check': 'True', 'static_parser': 'True', 'use_colors': 'True', 'send_anonymous_usage_stats': 'True', 'target_path': 'None', 'warn_error_options': 'WarnErrorOptionsV2(error=[], warn=[], silence=[])', 'write_json': 'True', 'invocation_command': 'dbt run', 'introspect': 'True', 'empty': 'False', 'cache_selected_only': 'False', 'indirect_selection': 'eager', 'fail_fast': 'False', 'log_cache_events': 'False', 'partial_parse': 'True', 'quiet': 'False', 'profiles_dir': '/Users/brendanwallace-nash/.dbt', 'log_path': '/Users/brendanwallace-nash/Documents/red_pandas_project/dbt/dbt/logs', 'printer_width': '80', 'no_print': 'None', 'warn_error': 'None', 'debug': 'False', 'log_format': 'default'}
[0m21:05:26.633637 [debug] [MainThread]: Sending event: {'category': 'dbt', 'action': 'project_id', 'label': 'e0aaf676-b8de-4c5b-82b7-38edf20acc8c', 'context': [<snowplow_tracker.self_describing_json.SelfDescribingJson object at 0x104beddc0>]}
[0m21:05:26.673519 [debug] [MainThread]: Sending event: {'category': 'dbt', 'action': 'adapter_info', 'label': 'e0aaf676-b8de-4c5b-82b7-38edf20acc8c', 'context': [<snowplow_tracker.self_describing_json.SelfDescribingJson object at 0x104f8b590>]}
[0m21:05:26.674460 [info ] [MainThread]: Registered adapter: postgres=1.10.0
[0m21:05:26.781231 [debug] [MainThread]: checksum: 3d40d8bbe1bef07db1c24822f2dbfff8bc07f2a48ed4fe2658a40653aec0b54b, vars: {}, profile: , target: , version: 1.11.2
[0m21:05:41.599015 [debug] [MainThread]: Partial parsing enabled: 0 files deleted, 0 files added, 0 files changed.
[0m21:05:41.599424 [debug] [MainThread]: Nothing changed, skipping partial parsing.
[0m21:05:41.599631 [debug] [MainThread]: Partial parsing enabled, no changes found, skipping parsing
[0m21:05:41.603414 [warn ] [MainThread]: [[33mWARNING[0m]: Configuration paths exist in your dbt_project.yml file which do not apply to any resources.
There are 2 unused configuration paths:
- models.red_pandas_project.marts
- models.red_pandas_project.reporting
[0m21:05:41.636527 [debug] [MainThread]: Sending event: {'category': 'dbt', 'action': 'load_project', 'label': 'e0aaf676-b8de-4c5b-82b7-38edf20acc8c', 'context': [<snowplow_tracker.self_describing_json.SelfDescribingJson object at 0x105993f50>]}
[0m21:05:44.779944 [debug] [MainThread]: Wrote artifact WritableManifest to /Users/brendanwallace-nash/Documents/red_pandas_project/dbt/dbt/target/manifest.json
[0m21:05:46.255882 [debug] [MainThread]: Wrote artifact SemanticManifest to /Users/brendanwallace-nash/Documents/red_pandas_project/dbt/dbt/target/semantic_manifest.json
[0m21:05:49.588793 [debug] [MainThread]: Sending event: {'category': 'dbt', 'action': 'resource_counts', 'label': 'e0aaf676-b8de-4c5b-82b7-38edf20acc8c', 'context': [<snowplow_tracker.self_describing_json.SelfDescribingJson object at 0x1059fe330>]}
[0m21:05:49.589673 [info ] [MainThread]: Found 4 models, 1 seed, 17 data tests, 2 sources, 464 macros
[0m21:05:49.590052 [debug] [MainThread]: Sending event: {'category': 'dbt', 'action': 'runnable_timing', 'label': 'e0aaf676-b8de-4c5b-82b7-38edf20acc8c', 'context': [<snowplow_tracker.self_describing_json.SelfDescribingJson object at 0x1052369c0>]}
[0m21:05:49.593673 [info ] [MainThread]: 
[0m21:05:49.594329 [info ] [MainThread]: Concurrency: 6 threads (target='dev')
[0m21:05:49.594734 [info ] [MainThread]: 
[0m21:05:49.595176 [debug] [MainThread]: Acquiring new postgres connection 'master'
[0m21:05:49.598078 [debug] [ThreadPool]: Acquiring new postgres connection 'list_eccom_db'
[0m21:05:49.650740 [debug] [ThreadPool]: Using postgres connection "list_eccom_db"
[0m21:05:49.651145 [debug] [ThreadPool]: On list_eccom_db: /* {"app": "dbt", "dbt_version": "1.11.2", "profile_name": "red_pandas_project", "target_name": "dev", "connection_name": "list_eccom_db"} */

    select distinct nspname from pg_namespace
  
[0m21:05:49.651369 [debug] [ThreadPool]: Opening a new connection, currently in state init
[0m21:05:49.753803 [debug] [ThreadPool]: Postgres adapter: Got a retryable error when attempting to open a postgres connection.
1 attempts remaining. Retrying in 0 seconds.
Error:
could not translate host name "postgres:15-alpine" to address: nodename nor servname provided, or not known

[0m21:05:49.758329 [debug] [ThreadPool]: Postgres adapter: Error running SQL: /* {"app": "dbt", "dbt_version": "1.11.2", "profile_name": "red_pandas_project", "target_name": "dev", "connection_name": "list_eccom_db"} */

    select distinct nspname from pg_namespace
  
[0m21:05:49.758638 [debug] [ThreadPool]: Postgres adapter: Rolling back transaction.
[0m21:05:49.758902 [debug] [ThreadPool]: Postgres adapter: Error running SQL: macro list_schemas
[0m21:05:49.759173 [debug] [ThreadPool]: Postgres adapter: Rolling back transaction.
[0m21:05:49.759464 [debug] [ThreadPool]: On list_eccom_db: No close available on handle
[0m21:05:49.759908 [debug] [MainThread]: Connection 'master' was properly closed.
[0m21:05:49.760195 [debug] [MainThread]: Connection 'list_eccom_db' was properly closed.
[0m21:05:49.760403 [info ] [MainThread]: 
[0m21:05:49.760768 [info ] [MainThread]: Finished running  in 0 hours 0 minutes and 0.17 seconds (0.17s).
[0m21:05:49.761255 [error] [MainThread]: Encountered an error:
Database Error
  could not translate host name "postgres:15-alpine" to address: nodename nor servname provided, or not known
  
[0m21:05:49.763942 [debug] [MainThread]: Resource report: {"command_name": "run", "command_success": false, "command_wall_clock_time": 26.604351, "process_in_blocks": "0", "process_kernel_time": 0.314217, "process_mem_max_rss": "133677056", "process_out_blocks": "0", "process_user_time": 1.376463}
[0m21:05:49.764393 [debug] [MainThread]: Command `dbt run` failed at 21:05:49.764318 after 26.60 seconds
[0m21:05:49.764750 [debug] [MainThread]: Sending event: {'category': 'dbt', 'action': 'invocation', 'label': 'end', 'context': [<snowplow_tracker.self_describing_json.SelfDescribingJson object at 0x104bbbfb0>, <snowplow_tracker.self_describing_json.SelfDescribingJson object at 0x104f1e840>, <snowplow_tracker.self_describing_json.SelfDescribingJson object at 0x105a41340>]}
[0m21:05:49.765146 [debug] [MainThread]: Flushing usage events
[0m21:05:50.854404 [debug] [MainThread]: An error was encountered while trying to flush usage events
[0m21:17:27.948787 [debug] [MainThread]: Sending event: {'category': 'dbt', 'action': 'invocation', 'label': 'start', 'context': [<snowplow_tracker.self_describing_json.SelfDescribingJson object at 0x1104c7ce0>, <snowplow_tracker.self_describing_json.SelfDescribingJson object at 0x11077e0f0>, <snowplow_tracker.self_describing_json.SelfDescribingJson object at 0x11077e120>]}


============================== 21:17:30.314022 | 852fb85a-46a4-4acf-8009-930d73804bbd ==============================
[0m21:17:30.314022 [info ] [MainThread]: Running with dbt=1.11.2
[0m21:17:30.315327 [debug] [MainThread]: running dbt with arguments {'target_path': 'None', 'log_format': 'default', 'send_anonymous_usage_stats': 'True', 'use_colors': 'True', 'log_path': '/Users/brendanwallace-nash/Documents/red_pandas_project/dbt/dbt/logs', 'no_print': 'None', 'use_experimental_parser': 'False', 'indirect_selection': 'eager', 'debug': 'False', 'quiet': 'False', 'invocation_command': 'dbt debug', 'profiles_dir': '/Users/brendanwallace-nash/.dbt', 'empty': 'None', 'fail_fast': 'False', 'warn_error_options': 'WarnErrorOptionsV2(error=[], warn=[], silence=[])', 'version_check': 'True', 'log_cache_events': 'False', 'cache_selected_only': 'False', 'partial_parse': 'True', 'warn_error': 'None', 'write_json': 'True', 'static_parser': 'True', 'introspect': 'True', 'printer_width': '80'}
[0m21:17:30.328737 [info ] [MainThread]: dbt version: 1.11.2
[0m21:17:30.329305 [info ] [MainThread]: python version: 3.12.3
[0m21:17:30.329851 [info ] [MainThread]: python path: /Library/Frameworks/Python.framework/Versions/3.12/bin/python3
[0m21:17:30.330223 [info ] [MainThread]: os info: macOS-26.2-arm64-arm-64bit
[0m21:17:30.371789 [info ] [MainThread]: Using profiles dir at /Users/brendanwallace-nash/.dbt
[0m21:17:30.372245 [info ] [MainThread]: Using profiles.yml file at /Users/brendanwallace-nash/.dbt/profiles.yml
[0m21:17:30.372550 [info ] [MainThread]: Using dbt_project.yml file at /Users/brendanwallace-nash/Documents/red_pandas_project/dbt/dbt/dbt_project.yml
[0m21:17:30.373126 [info ] [MainThread]: adapter type: postgres
[0m21:17:30.373337 [info ] [MainThread]: adapter version: 1.10.0
[0m21:17:30.443199 [info ] [MainThread]: Configuration:
[0m21:17:30.443611 [info ] [MainThread]:   profiles.yml file [[32mOK found and valid[0m]
[0m21:17:30.443834 [info ] [MainThread]:   dbt_project.yml file [[32mOK found and valid[0m]
[0m21:17:30.444033 [info ] [MainThread]: Required dependencies:
[0m21:17:30.444303 [debug] [MainThread]: Executing "git --help"
[0m21:17:30.467553 [debug] [MainThread]: STDOUT: "b"usage: git [-v | --version] [-h | --help] [-C <path>] [-c <name>=<value>]\n           [--exec-path[=<path>]] [--html-path] [--man-path] [--info-path]\n           [-p | --paginate | -P | --no-pager] [--no-replace-objects] [--bare]\n           [--git-dir=<path>] [--work-tree=<path>] [--namespace=<name>]\n           [--super-prefix=<path>] [--config-env=<name>=<envvar>]\n           <command> [<args>]\n\nThese are common Git commands used in various situations:\n\nstart a working area (see also: git help tutorial)\n   clone     Clone a repository into a new directory\n   init      Create an empty Git repository or reinitialize an existing one\n\nwork on the current change (see also: git help everyday)\n   add       Add file contents to the index\n   mv        Move or rename a file, a directory, or a symlink\n   restore   Restore working tree files\n   rm        Remove files from the working tree and from the index\n\nexamine the history and state (see also: git help revisions)\n   bisect    Use binary search to find the commit that introduced a bug\n   diff      Show changes between commits, commit and working tree, etc\n   grep      Print lines matching a pattern\n   log       Show commit logs\n   show      Show various types of objects\n   status    Show the working tree status\n\ngrow, mark and tweak your common history\n   branch    List, create, or delete branches\n   commit    Record changes to the repository\n   merge     Join two or more development histories together\n   rebase    Reapply commits on top of another base tip\n   reset     Reset current HEAD to the specified state\n   switch    Switch branches\n   tag       Create, list, delete or verify a tag object signed with GPG\n\ncollaborate (see also: git help workflows)\n   fetch     Download objects and refs from another repository\n   pull      Fetch from and integrate with another repository or a local branch\n   push      Update remote refs along with associated objects\n\n'git help -a' and 'git help -g' list available subcommands and some\nconcept guides. See 'git help <command>' or 'git help <concept>'\nto read about a specific subcommand or concept.\nSee 'git help git' for an overview of the system.\n""
[0m21:17:30.468504 [debug] [MainThread]: STDERR: "b''"
[0m21:17:30.468815 [info ] [MainThread]:  - git [[32mOK found[0m]

[0m21:17:30.469083 [info ] [MainThread]: Connection:
[0m21:17:30.469333 [info ] [MainThread]:   host: postgres:15-alpine
[0m21:17:30.469521 [info ] [MainThread]:   port: 5432
[0m21:17:30.469722 [info ] [MainThread]:   user: admin
[0m21:17:30.470055 [info ] [MainThread]:   database: eccom_db
[0m21:17:30.470346 [info ] [MainThread]:   schema: staging
[0m21:17:30.470536 [info ] [MainThread]:   connect_timeout: 10
[0m21:17:30.470720 [info ] [MainThread]:   role: None
[0m21:17:30.470893 [info ] [MainThread]:   search_path: None
[0m21:17:30.471058 [info ] [MainThread]:   keepalives_idle: 0
[0m21:17:30.471222 [info ] [MainThread]:   sslmode: None
[0m21:17:30.471385 [info ] [MainThread]:   sslcert: None
[0m21:17:30.471552 [info ] [MainThread]:   sslkey: None
[0m21:17:30.471708 [info ] [MainThread]:   sslrootcert: None
[0m21:17:30.471868 [info ] [MainThread]:   application_name: dbt
[0m21:17:30.472023 [info ] [MainThread]:   retries: 1
[0m21:17:30.472439 [info ] [MainThread]: Registered adapter: postgres=1.10.0
[0m21:17:30.546869 [debug] [MainThread]: Acquiring new postgres connection 'debug'
[0m21:17:30.583545 [debug] [MainThread]: Using postgres connection "debug"
[0m21:17:30.583888 [debug] [MainThread]: On debug: select 1 as id
[0m21:17:30.584093 [debug] [MainThread]: Opening a new connection, currently in state init
[0m21:17:30.591429 [debug] [MainThread]: Postgres adapter: Got a retryable error when attempting to open a postgres connection.
1 attempts remaining. Retrying in 0 seconds.
Error:
could not translate host name "postgres:15-alpine" to address: nodename nor servname provided, or not known

[0m21:17:30.595508 [debug] [MainThread]: Postgres adapter: Error running SQL: select 1 as id
[0m21:17:30.595756 [debug] [MainThread]: Postgres adapter: Rolling back transaction.
[0m21:17:30.595973 [debug] [MainThread]: On debug: No close available on handle
[0m21:17:30.596280 [info ] [MainThread]:   Connection test: [[31mERROR[0m]

[0m21:17:30.596493 [info ] [MainThread]: [31m1 check failed:[0m
[0m21:17:30.596677 [info ] [MainThread]: dbt was unable to connect to the specified database.
The database returned the following error:

  >Database Error
  could not translate host name "postgres:15-alpine" to address: nodename nor servname provided, or not known
  

Check your database credentials and try again. For more information, visit:
https://docs.getdbt.com/docs/configure-your-profile


[0m21:17:30.598580 [debug] [MainThread]: Resource report: {"command_name": "debug", "command_success": false, "command_wall_clock_time": 2.6952698, "process_in_blocks": "0", "process_kernel_time": 0.272172, "process_mem_max_rss": "124780544", "process_out_blocks": "0", "process_user_time": 1.103153}
[0m21:17:30.598905 [debug] [MainThread]: Command `dbt debug` failed at 21:17:30.598846 after 2.70 seconds
[0m21:17:30.599125 [debug] [MainThread]: Connection 'debug' was properly closed.
[0m21:17:30.599353 [debug] [MainThread]: Sending event: {'category': 'dbt', 'action': 'invocation', 'label': 'end', 'context': [<snowplow_tracker.self_describing_json.SelfDescribingJson object at 0x1107568d0>, <snowplow_tracker.self_describing_json.SelfDescribingJson object at 0x1104c7ce0>, <snowplow_tracker.self_describing_json.SelfDescribingJson object at 0x1127673e0>]}
[0m21:17:30.599620 [debug] [MainThread]: Flushing usage events
[0m21:17:31.656620 [debug] [MainThread]: An error was encountered while trying to flush usage events
[0m21:18:22.992637 [debug] [MainThread]: Sending event: {'category': 'dbt', 'action': 'invocation', 'label': 'start', 'context': [<snowplow_tracker.self_describing_json.SelfDescribingJson object at 0x10455e1b0>, <snowplow_tracker.self_describing_json.SelfDescribingJson object at 0x106781f70>, <snowplow_tracker.self_describing_json.SelfDescribingJson object at 0x106781f40>]}


============================== 21:18:25.450996 | 2b8d33c1-768f-4295-8513-bc835d18f1e5 ==============================
[0m21:18:25.450996 [info ] [MainThread]: Running with dbt=1.11.2
[0m21:18:25.451967 [debug] [MainThread]: running dbt with arguments {'debug': 'False', 'log_format': 'default', 'log_cache_events': 'False', 'profiles_dir': '/Users/brendanwallace-nash/Documents/red_pandas_project/dbt/dbt', 'log_path': '/Users/brendanwallace-nash/Documents/red_pandas_project/dbt/dbt/logs', 'indirect_selection': 'eager', 'write_json': 'True', 'use_experimental_parser': 'False', 'invocation_command': 'dbt debug', 'warn_error_options': 'WarnErrorOptionsV2(error=[], warn=[], silence=[])', 'partial_parse': 'True', 'version_check': 'True', 'send_anonymous_usage_stats': 'True', 'cache_selected_only': 'False', 'warn_error': 'None', 'target_path': 'None', 'quiet': 'False', 'introspect': 'True', 'empty': 'None', 'static_parser': 'True', 'fail_fast': 'False', 'printer_width': '80', 'no_print': 'None', 'use_colors': 'True'}
[0m21:18:25.463596 [info ] [MainThread]: dbt version: 1.11.2
[0m21:18:25.464063 [info ] [MainThread]: python version: 3.12.3
[0m21:18:25.464343 [info ] [MainThread]: python path: /Library/Frameworks/Python.framework/Versions/3.12/bin/python3
[0m21:18:25.464592 [info ] [MainThread]: os info: macOS-26.2-arm64-arm-64bit
[0m21:18:25.503621 [info ] [MainThread]: Using profiles dir at /Users/brendanwallace-nash/Documents/red_pandas_project/dbt/dbt
[0m21:18:25.504043 [info ] [MainThread]: Using profiles.yml file at /Users/brendanwallace-nash/Documents/red_pandas_project/dbt/dbt/profiles.yml
[0m21:18:25.504261 [info ] [MainThread]: Using dbt_project.yml file at /Users/brendanwallace-nash/Documents/red_pandas_project/dbt/dbt/dbt_project.yml
[0m21:18:25.504928 [info ] [MainThread]: adapter type: postgres
[0m21:18:25.505122 [info ] [MainThread]: adapter version: 1.10.0
[0m21:18:25.570485 [info ] [MainThread]: Configuration:
[0m21:18:25.570925 [info ] [MainThread]:   profiles.yml file [[32mOK found and valid[0m]
[0m21:18:25.571143 [info ] [MainThread]:   dbt_project.yml file [[32mOK found and valid[0m]
[0m21:18:25.571521 [info ] [MainThread]: Required dependencies:
[0m21:18:25.573101 [debug] [MainThread]: Executing "git --help"
[0m21:18:25.594813 [debug] [MainThread]: STDOUT: "b"usage: git [-v | --version] [-h | --help] [-C <path>] [-c <name>=<value>]\n           [--exec-path[=<path>]] [--html-path] [--man-path] [--info-path]\n           [-p | --paginate | -P | --no-pager] [--no-replace-objects] [--bare]\n           [--git-dir=<path>] [--work-tree=<path>] [--namespace=<name>]\n           [--super-prefix=<path>] [--config-env=<name>=<envvar>]\n           <command> [<args>]\n\nThese are common Git commands used in various situations:\n\nstart a working area (see also: git help tutorial)\n   clone     Clone a repository into a new directory\n   init      Create an empty Git repository or reinitialize an existing one\n\nwork on the current change (see also: git help everyday)\n   add       Add file contents to the index\n   mv        Move or rename a file, a directory, or a symlink\n   restore   Restore working tree files\n   rm        Remove files from the working tree and from the index\n\nexamine the history and state (see also: git help revisions)\n   bisect    Use binary search to find the commit that introduced a bug\n   diff      Show changes between commits, commit and working tree, etc\n   grep      Print lines matching a pattern\n   log       Show commit logs\n   show      Show various types of objects\n   status    Show the working tree status\n\ngrow, mark and tweak your common history\n   branch    List, create, or delete branches\n   commit    Record changes to the repository\n   merge     Join two or more development histories together\n   rebase    Reapply commits on top of another base tip\n   reset     Reset current HEAD to the specified state\n   switch    Switch branches\n   tag       Create, list, delete or verify a tag object signed with GPG\n\ncollaborate (see also: git help workflows)\n   fetch     Download objects and refs from another repository\n   pull      Fetch from and integrate with another repository or a local branch\n   push      Update remote refs along with associated objects\n\n'git help -a' and 'git help -g' list available subcommands and some\nconcept guides. See 'git help <command>' or 'git help <concept>'\nto read about a specific subcommand or concept.\nSee 'git help git' for an overview of the system.\n""
[0m21:18:25.595603 [debug] [MainThread]: STDERR: "b''"
[0m21:18:25.595905 [info ] [MainThread]:  - git [[32mOK found[0m]

[0m21:18:25.596149 [info ] [MainThread]: Connection:
[0m21:18:25.596359 [info ] [MainThread]:   host: localhost
[0m21:18:25.596533 [info ] [MainThread]:   port: 5432
[0m21:18:25.596695 [info ] [MainThread]:   user: admin
[0m21:18:25.596851 [info ] [MainThread]:   database: eccom_db
[0m21:18:25.597005 [info ] [MainThread]:   schema: public
[0m21:18:25.597160 [info ] [MainThread]:   connect_timeout: 10
[0m21:18:25.597319 [info ] [MainThread]:   role: None
[0m21:18:25.597469 [info ] [MainThread]:   search_path: None
[0m21:18:25.597627 [info ] [MainThread]:   keepalives_idle: 0
[0m21:18:25.597779 [info ] [MainThread]:   sslmode: None
[0m21:18:25.597929 [info ] [MainThread]:   sslcert: None
[0m21:18:25.598080 [info ] [MainThread]:   sslkey: None
[0m21:18:25.598230 [info ] [MainThread]:   sslrootcert: None
[0m21:18:25.598379 [info ] [MainThread]:   application_name: dbt
[0m21:18:25.598527 [info ] [MainThread]:   retries: 1
[0m21:18:25.598969 [info ] [MainThread]: Registered adapter: postgres=1.10.0
[0m21:18:25.666017 [debug] [MainThread]: Acquiring new postgres connection 'debug'
[0m21:18:25.700903 [debug] [MainThread]: Using postgres connection "debug"
[0m21:18:25.701240 [debug] [MainThread]: On debug: select 1 as id
[0m21:18:25.701457 [debug] [MainThread]: Opening a new connection, currently in state init
[0m21:18:25.704981 [debug] [MainThread]: Postgres adapter: Got a retryable error when attempting to open a postgres connection.
1 attempts remaining. Retrying in 0 seconds.
Error:
connection to server at "localhost" (::1), port 5432 failed: Connection refused
	Is the server running on that host and accepting TCP/IP connections?
connection to server at "localhost" (127.0.0.1), port 5432 failed: Connection refused
	Is the server running on that host and accepting TCP/IP connections?

[0m21:18:25.706104 [debug] [MainThread]: Postgres adapter: Error running SQL: select 1 as id
[0m21:18:25.706332 [debug] [MainThread]: Postgres adapter: Rolling back transaction.
[0m21:18:25.706556 [debug] [MainThread]: On debug: No close available on handle
[0m21:18:25.706788 [info ] [MainThread]:   Connection test: [[31mERROR[0m]

[0m21:18:25.707006 [info ] [MainThread]: [31m1 check failed:[0m
[0m21:18:25.707200 [info ] [MainThread]: dbt was unable to connect to the specified database.
The database returned the following error:

  >Database Error
  connection to server at "localhost" (::1), port 5432 failed: Connection refused
  	Is the server running on that host and accepting TCP/IP connections?
  connection to server at "localhost" (127.0.0.1), port 5432 failed: Connection refused
  	Is the server running on that host and accepting TCP/IP connections?
  

Check your database credentials and try again. For more information, visit:
https://docs.getdbt.com/docs/configure-your-profile


[0m21:18:25.709165 [debug] [MainThread]: Resource report: {"command_name": "debug", "command_success": false, "command_wall_clock_time": 2.7680757, "process_in_blocks": "0", "process_kernel_time": 0.221353, "process_mem_max_rss": "125173760", "process_out_blocks": "0", "process_user_time": 1.124066}
[0m21:18:25.709560 [debug] [MainThread]: Command `dbt debug` failed at 21:18:25.709492 after 2.77 seconds
[0m21:18:25.709826 [debug] [MainThread]: Connection 'debug' was properly closed.
[0m21:18:25.710166 [debug] [MainThread]: Sending event: {'category': 'dbt', 'action': 'invocation', 'label': 'end', 'context': [<snowplow_tracker.self_describing_json.SelfDescribingJson object at 0x1021a6cf0>, <snowplow_tracker.self_describing_json.SelfDescribingJson object at 0x10799da60>, <snowplow_tracker.self_describing_json.SelfDescribingJson object at 0x10455e1b0>]}
[0m21:18:25.710494 [debug] [MainThread]: Flushing usage events
[0m21:18:26.690123 [debug] [MainThread]: An error was encountered while trying to flush usage events
[0m21:18:35.488231 [debug] [MainThread]: Sending event: {'category': 'dbt', 'action': 'invocation', 'label': 'start', 'context': [<snowplow_tracker.self_describing_json.SelfDescribingJson object at 0x10714ee10>, <snowplow_tracker.self_describing_json.SelfDescribingJson object at 0x108c6c650>, <snowplow_tracker.self_describing_json.SelfDescribingJson object at 0x108c6c170>]}


============================== 21:18:35.492398 | 8e43090f-9ad0-4cbe-95ea-1107e6349a1f ==============================
[0m21:18:35.492398 [info ] [MainThread]: Running with dbt=1.11.2
[0m21:18:35.492867 [debug] [MainThread]: running dbt with arguments {'introspect': 'True', 'log_format': 'default', 'invocation_command': 'dbt run', 'static_parser': 'True', 'partial_parse': 'True', 'write_json': 'True', 'debug': 'False', 'no_print': 'None', 'log_cache_events': 'False', 'quiet': 'False', 'cache_selected_only': 'False', 'use_colors': 'True', 'printer_width': '80', 'version_check': 'True', 'log_path': '/Users/brendanwallace-nash/Documents/red_pandas_project/dbt/dbt/logs', 'warn_error_options': 'WarnErrorOptionsV2(error=[], warn=[], silence=[])', 'warn_error': 'None', 'fail_fast': 'False', 'indirect_selection': 'eager', 'empty': 'False', 'profiles_dir': '/Users/brendanwallace-nash/Documents/red_pandas_project/dbt/dbt', 'send_anonymous_usage_stats': 'True', 'target_path': 'None', 'use_experimental_parser': 'False'}
[0m21:18:35.614560 [debug] [MainThread]: Sending event: {'category': 'dbt', 'action': 'project_id', 'label': '8e43090f-9ad0-4cbe-95ea-1107e6349a1f', 'context': [<snowplow_tracker.self_describing_json.SelfDescribingJson object at 0x108256180>]}
[0m21:18:35.655182 [debug] [MainThread]: Sending event: {'category': 'dbt', 'action': 'adapter_info', 'label': '8e43090f-9ad0-4cbe-95ea-1107e6349a1f', 'context': [<snowplow_tracker.self_describing_json.SelfDescribingJson object at 0x108accb30>]}
[0m21:18:35.655951 [info ] [MainThread]: Registered adapter: postgres=1.10.0
[0m21:18:35.732823 [debug] [MainThread]: checksum: 3d40d8bbe1bef07db1c24822f2dbfff8bc07f2a48ed4fe2658a40653aec0b54b, vars: {}, profile: , target: , version: 1.11.2
[0m21:18:37.971168 [info ] [MainThread]: Unable to do partial parsing because profile has changed
[0m21:18:37.972980 [debug] [MainThread]: Sending event: {'category': 'dbt', 'action': 'partial_parser', 'label': '8e43090f-9ad0-4cbe-95ea-1107e6349a1f', 'context': [<snowplow_tracker.self_describing_json.SelfDescribingJson object at 0x10862a060>]}
[0m21:18:49.416671 [warn ] [MainThread]: [[33mWARNING[0m][MissingArgumentsPropertyInGenericTestDeprecation]: Deprecated
functionality
Found top-level arguments to test `accepted_values` defined on 'stg_customer' in
package 'red_pandas_project' (models/staging/schema.yml). Arguments to generic
tests should be nested under the `arguments` property.
[0m21:18:49.417189 [debug] [MainThread]: Sending event: {'category': 'dbt', 'action': 'deprecation', 'label': '8e43090f-9ad0-4cbe-95ea-1107e6349a1f', 'property_': 'warn', 'context': [<snowplow_tracker.self_describing_json.SelfDescribingJson object at 0x109a9c170>]}
[0m21:18:49.589382 [warn ] [MainThread]: [[33mWARNING[0m]: Configuration paths exist in your dbt_project.yml file which do not apply to any resources.
There are 2 unused configuration paths:
- models.red_pandas_project.marts
- models.red_pandas_project.reporting
[0m21:18:49.596261 [debug] [MainThread]: Sending event: {'category': 'dbt', 'action': 'load_project', 'label': '8e43090f-9ad0-4cbe-95ea-1107e6349a1f', 'context': [<snowplow_tracker.self_describing_json.SelfDescribingJson object at 0x109c27560>]}
[0m21:18:49.658087 [debug] [MainThread]: Wrote artifact WritableManifest to /Users/brendanwallace-nash/Documents/red_pandas_project/dbt/dbt/target/manifest.json
[0m21:18:51.642682 [debug] [MainThread]: Wrote artifact SemanticManifest to /Users/brendanwallace-nash/Documents/red_pandas_project/dbt/dbt/target/semantic_manifest.json
[0m21:18:53.483721 [debug] [MainThread]: Sending event: {'category': 'dbt', 'action': 'resource_counts', 'label': '8e43090f-9ad0-4cbe-95ea-1107e6349a1f', 'context': [<snowplow_tracker.self_describing_json.SelfDescribingJson object at 0x109e619d0>]}
[0m21:18:53.484266 [info ] [MainThread]: Found 5 models, 1 seed, 17 data tests, 2 sources, 464 macros
[0m21:18:53.484620 [debug] [MainThread]: Sending event: {'category': 'dbt', 'action': 'runnable_timing', 'label': '8e43090f-9ad0-4cbe-95ea-1107e6349a1f', 'context': [<snowplow_tracker.self_describing_json.SelfDescribingJson object at 0x109b38170>]}
[0m21:18:53.486451 [info ] [MainThread]: 
[0m21:18:53.486861 [info ] [MainThread]: Concurrency: 4 threads (target='dev')
[0m21:18:53.487173 [info ] [MainThread]: 
[0m21:18:53.487520 [debug] [MainThread]: Acquiring new postgres connection 'master'
[0m21:18:53.490131 [debug] [ThreadPool]: Acquiring new postgres connection 'list_eccom_db'
[0m21:18:53.532585 [debug] [ThreadPool]: Using postgres connection "list_eccom_db"
[0m21:18:53.532977 [debug] [ThreadPool]: On list_eccom_db: /* {"app": "dbt", "dbt_version": "1.11.2", "profile_name": "red_pandas_project", "target_name": "dev", "connection_name": "list_eccom_db"} */

    select distinct nspname from pg_namespace
  
[0m21:18:53.533201 [debug] [ThreadPool]: Opening a new connection, currently in state init
[0m21:18:53.536174 [debug] [ThreadPool]: Postgres adapter: Got a retryable error when attempting to open a postgres connection.
1 attempts remaining. Retrying in 0 seconds.
Error:
connection to server at "localhost" (::1), port 5432 failed: Connection refused
	Is the server running on that host and accepting TCP/IP connections?
connection to server at "localhost" (127.0.0.1), port 5432 failed: Connection refused
	Is the server running on that host and accepting TCP/IP connections?

[0m21:18:53.537457 [debug] [ThreadPool]: Postgres adapter: Error running SQL: /* {"app": "dbt", "dbt_version": "1.11.2", "profile_name": "red_pandas_project", "target_name": "dev", "connection_name": "list_eccom_db"} */

    select distinct nspname from pg_namespace
  
[0m21:18:53.537779 [debug] [ThreadPool]: Postgres adapter: Rolling back transaction.
[0m21:18:53.538029 [debug] [ThreadPool]: Postgres adapter: Error running SQL: macro list_schemas
[0m21:18:53.538223 [debug] [ThreadPool]: Postgres adapter: Rolling back transaction.
[0m21:18:53.538434 [debug] [ThreadPool]: On list_eccom_db: No close available on handle
[0m21:18:53.538915 [debug] [MainThread]: Connection 'master' was properly closed.
[0m21:18:53.539129 [debug] [MainThread]: Connection 'list_eccom_db' was properly closed.
[0m21:18:53.539324 [info ] [MainThread]: 
[0m21:18:53.539535 [info ] [MainThread]: Finished running  in 0 hours 0 minutes and 0.05 seconds (0.05s).
[0m21:18:53.539874 [error] [MainThread]: Encountered an error:
Database Error
  connection to server at "localhost" (::1), port 5432 failed: Connection refused
  	Is the server running on that host and accepting TCP/IP connections?
  connection to server at "localhost" (127.0.0.1), port 5432 failed: Connection refused
  	Is the server running on that host and accepting TCP/IP connections?
  
[0m21:18:53.540255 [warn ] [MainThread]: [[33mWARNING[0m][DeprecationsSummary]: Deprecated functionality
Summary of encountered deprecations:
- MissingArgumentsPropertyInGenericTestDeprecation: 4 occurrences
To see all deprecation instances instead of just the first occurrence of each,
run command again with the `--show-all-deprecations` flag. You may also need to
run with `--no-partial-parse` as some deprecations are only encountered during
parsing.
[0m21:18:53.542134 [debug] [MainThread]: Resource report: {"command_name": "run", "command_success": false, "command_wall_clock_time": 18.102068, "process_in_blocks": "0", "process_kernel_time": 0.289098, "process_mem_max_rss": "141901824", "process_out_blocks": "0", "process_user_time": 2.168873}
[0m21:18:53.542473 [debug] [MainThread]: Command `dbt run` failed at 21:18:53.542412 after 18.10 seconds
[0m21:18:53.542889 [debug] [MainThread]: Sending event: {'category': 'dbt', 'action': 'invocation', 'label': 'end', 'context': [<snowplow_tracker.self_describing_json.SelfDescribingJson object at 0x108bf4260>, <snowplow_tracker.self_describing_json.SelfDescribingJson object at 0x109eeaf90>, <snowplow_tracker.self_describing_json.SelfDescribingJson object at 0x109e5abd0>]}
[0m21:18:53.543165 [debug] [MainThread]: Flushing usage events
[0m21:18:54.542830 [debug] [MainThread]: An error was encountered while trying to flush usage events
[0m21:59:28.277931 [debug] [MainThread]: Sending event: {'category': 'dbt', 'action': 'invocation', 'label': 'start', 'context': [<snowplow_tracker.self_describing_json.SelfDescribingJson object at 0x107ff5c40>, <snowplow_tracker.self_describing_json.SelfDescribingJson object at 0x108aafbc0>, <snowplow_tracker.self_describing_json.SelfDescribingJson object at 0x108aaffb0>]}


============================== 21:59:30.261781 | 0abfad82-1eb3-46a4-adaf-c4816e347548 ==============================
[0m21:59:30.261781 [info ] [MainThread]: Running with dbt=1.11.2
[0m21:59:30.264082 [debug] [MainThread]: running dbt with arguments {'no_print': 'None', 'fail_fast': 'False', 'log_cache_events': 'False', 'cache_selected_only': 'False', 'empty': 'False', 'version_check': 'True', 'static_parser': 'True', 'introspect': 'True', 'indirect_selection': 'eager', 'profiles_dir': '/Users/brendanwallace-nash/Documents/red_pandas_project/dbt/dbt', 'log_path': '/Users/brendanwallace-nash/Documents/red_pandas_project/dbt/dbt/logs', 'log_format': 'default', 'use_colors': 'True', 'use_experimental_parser': 'False', 'invocation_command': 'dbt run', 'warn_error_options': 'WarnErrorOptionsV2(error=[], warn=[], silence=[])', 'printer_width': '80', 'partial_parse': 'True', 'warn_error': 'None', 'target_path': 'None', 'quiet': 'False', 'send_anonymous_usage_stats': 'True', 'debug': 'False', 'write_json': 'True'}
[0m21:59:30.409272 [debug] [MainThread]: Sending event: {'category': 'dbt', 'action': 'project_id', 'label': '0abfad82-1eb3-46a4-adaf-c4816e347548', 'context': [<snowplow_tracker.self_describing_json.SelfDescribingJson object at 0x108ea5d60>]}
[0m21:59:30.448095 [debug] [MainThread]: Sending event: {'category': 'dbt', 'action': 'adapter_info', 'label': '0abfad82-1eb3-46a4-adaf-c4816e347548', 'context': [<snowplow_tracker.self_describing_json.SelfDescribingJson object at 0x1081a6d80>]}
[0m21:59:30.448864 [info ] [MainThread]: Registered adapter: postgres=1.10.0
[0m21:59:30.527173 [debug] [MainThread]: checksum: 3d40d8bbe1bef07db1c24822f2dbfff8bc07f2a48ed4fe2658a40653aec0b54b, vars: {}, profile: , target: , version: 1.11.2
[0m21:59:33.563198 [info ] [MainThread]: Unable to do partial parsing because profile has changed
[0m21:59:33.563838 [debug] [MainThread]: Sending event: {'category': 'dbt', 'action': 'partial_parser', 'label': '0abfad82-1eb3-46a4-adaf-c4816e347548', 'context': [<snowplow_tracker.self_describing_json.SelfDescribingJson object at 0x10849e240>]}
[0m21:59:44.952376 [warn ] [MainThread]: [[33mWARNING[0m][MissingArgumentsPropertyInGenericTestDeprecation]: Deprecated
functionality
Found top-level arguments to test `accepted_values` defined on 'stg_customer' in
package 'red_pandas_project' (models/staging/schema.yml). Arguments to generic
tests should be nested under the `arguments` property.
[0m21:59:44.952841 [debug] [MainThread]: Sending event: {'category': 'dbt', 'action': 'deprecation', 'label': '0abfad82-1eb3-46a4-adaf-c4816e347548', 'property_': 'warn', 'context': [<snowplow_tracker.self_describing_json.SelfDescribingJson object at 0x1097a6ba0>]}
[0m21:59:45.121555 [warn ] [MainThread]: [[33mWARNING[0m]: Configuration paths exist in your dbt_project.yml file which do not apply to any resources.
There are 2 unused configuration paths:
- models.red_pandas_project.reporting
- models.red_pandas_project.marts
[0m21:59:45.128953 [debug] [MainThread]: Sending event: {'category': 'dbt', 'action': 'load_project', 'label': '0abfad82-1eb3-46a4-adaf-c4816e347548', 'context': [<snowplow_tracker.self_describing_json.SelfDescribingJson object at 0x109c2cb30>]}
[0m21:59:48.049106 [debug] [MainThread]: Wrote artifact WritableManifest to /Users/brendanwallace-nash/Documents/red_pandas_project/dbt/dbt/target/manifest.json
[0m21:59:49.625887 [debug] [MainThread]: Wrote artifact SemanticManifest to /Users/brendanwallace-nash/Documents/red_pandas_project/dbt/dbt/target/semantic_manifest.json
[0m21:59:52.806763 [debug] [MainThread]: Sending event: {'category': 'dbt', 'action': 'resource_counts', 'label': '0abfad82-1eb3-46a4-adaf-c4816e347548', 'context': [<snowplow_tracker.self_describing_json.SelfDescribingJson object at 0x108f13770>]}
[0m21:59:52.807224 [info ] [MainThread]: Found 5 models, 1 seed, 17 data tests, 2 sources, 464 macros
[0m21:59:52.807689 [debug] [MainThread]: Sending event: {'category': 'dbt', 'action': 'runnable_timing', 'label': '0abfad82-1eb3-46a4-adaf-c4816e347548', 'context': [<snowplow_tracker.self_describing_json.SelfDescribingJson object at 0x109cc4140>]}
[0m21:59:52.809896 [info ] [MainThread]: 
[0m21:59:52.810283 [info ] [MainThread]: Concurrency: 4 threads (target='dev')
[0m21:59:52.810556 [info ] [MainThread]: 
[0m21:59:52.810948 [debug] [MainThread]: Acquiring new postgres connection 'master'
[0m21:59:52.813731 [debug] [ThreadPool]: Acquiring new postgres connection 'list_eccom_db'
[0m21:59:52.859796 [debug] [ThreadPool]: Using postgres connection "list_eccom_db"
[0m21:59:52.860201 [debug] [ThreadPool]: On list_eccom_db: /* {"app": "dbt", "dbt_version": "1.11.2", "profile_name": "red_pandas_project", "target_name": "dev", "connection_name": "list_eccom_db"} */

    select distinct nspname from pg_namespace
  
[0m21:59:52.860503 [debug] [ThreadPool]: Opening a new connection, currently in state init
[0m21:59:52.913972 [debug] [ThreadPool]: Postgres adapter: Got a retryable error when attempting to open a postgres connection.
1 attempts remaining. Retrying in 0 seconds.
Error:
connection to server at "localhost" (::1), port 5433 failed: FATAL:  password authentication failed for user "admin"

[0m21:59:52.934057 [debug] [ThreadPool]: Postgres adapter: Error running SQL: /* {"app": "dbt", "dbt_version": "1.11.2", "profile_name": "red_pandas_project", "target_name": "dev", "connection_name": "list_eccom_db"} */

    select distinct nspname from pg_namespace
  
[0m21:59:52.934464 [debug] [ThreadPool]: Postgres adapter: Rolling back transaction.
[0m21:59:52.934793 [debug] [ThreadPool]: Postgres adapter: Error running SQL: macro list_schemas
[0m21:59:52.935050 [debug] [ThreadPool]: Postgres adapter: Rolling back transaction.
[0m21:59:52.935286 [debug] [ThreadPool]: On list_eccom_db: No close available on handle
[0m21:59:52.935957 [debug] [MainThread]: Connection 'master' was properly closed.
[0m21:59:52.936266 [debug] [MainThread]: Connection 'list_eccom_db' was properly closed.
[0m21:59:52.936479 [info ] [MainThread]: 
[0m21:59:52.936714 [info ] [MainThread]: Finished running  in 0 hours 0 minutes and 0.13 seconds (0.13s).
[0m21:59:52.937043 [error] [MainThread]: Encountered an error:
Database Error
  connection to server at "localhost" (::1), port 5433 failed: FATAL:  password authentication failed for user "admin"
  
[0m21:59:52.937418 [warn ] [MainThread]: [[33mWARNING[0m][DeprecationsSummary]: Deprecated functionality
Summary of encountered deprecations:
- MissingArgumentsPropertyInGenericTestDeprecation: 4 occurrences
To see all deprecation instances instead of just the first occurrence of each,
run command again with the `--show-all-deprecations` flag. You may also need to
run with `--no-partial-parse` as some deprecations are only encountered during
parsing.
[0m21:59:52.940017 [debug] [MainThread]: Resource report: {"command_name": "run", "command_success": false, "command_wall_clock_time": 26.355005, "process_in_blocks": "0", "process_kernel_time": 0.35386, "process_mem_max_rss": "151601152", "process_out_blocks": "0", "process_user_time": 2.200237}
[0m21:59:52.940656 [debug] [MainThread]: Command `dbt run` failed at 21:59:52.940544 after 26.36 seconds
[0m21:59:52.941087 [debug] [MainThread]: Sending event: {'category': 'dbt', 'action': 'invocation', 'label': 'end', 'context': [<snowplow_tracker.self_describing_json.SelfDescribingJson object at 0x108aafce0>, <snowplow_tracker.self_describing_json.SelfDescribingJson object at 0x109cc56d0>, <snowplow_tracker.self_describing_json.SelfDescribingJson object at 0x109c5fcb0>]}
[0m21:59:52.941489 [debug] [MainThread]: Flushing usage events
[0m21:59:54.100418 [debug] [MainThread]: An error was encountered while trying to flush usage events
[0m22:05:09.621089 [debug] [MainThread]: Sending event: {'category': 'dbt', 'action': 'invocation', 'label': 'start', 'context': [<snowplow_tracker.self_describing_json.SelfDescribingJson object at 0x105f6a1b0>, <snowplow_tracker.self_describing_json.SelfDescribingJson object at 0x109b760f0>, <snowplow_tracker.self_describing_json.SelfDescribingJson object at 0x109b76120>]}


============================== 22:05:09.625310 | 4559fbd3-c155-4dc7-acb1-cfe171030105 ==============================
[0m22:05:09.625310 [info ] [MainThread]: Running with dbt=1.11.2
[0m22:05:09.625743 [debug] [MainThread]: running dbt with arguments {'use_experimental_parser': 'False', 'write_json': 'True', 'profiles_dir': '/Users/brendanwallace-nash/Documents/red_pandas_project/dbt/dbt', 'partial_parse': 'True', 'send_anonymous_usage_stats': 'True', 'introspect': 'True', 'use_colors': 'True', 'log_format': 'default', 'indirect_selection': 'eager', 'warn_error': 'None', 'static_parser': 'True', 'debug': 'False', 'warn_error_options': 'WarnErrorOptionsV2(error=[], warn=[], silence=[])', 'printer_width': '80', 'fail_fast': 'False', 'no_print': 'None', 'invocation_command': 'dbt run', 'quiet': 'False', 'log_cache_events': 'False', 'cache_selected_only': 'False', 'target_path': 'None', 'empty': 'False', 'log_path': '/Users/brendanwallace-nash/Documents/red_pandas_project/dbt/dbt/logs', 'version_check': 'True'}
[0m22:05:09.748502 [debug] [MainThread]: Sending event: {'category': 'dbt', 'action': 'project_id', 'label': '4559fbd3-c155-4dc7-acb1-cfe171030105', 'context': [<snowplow_tracker.self_describing_json.SelfDescribingJson object at 0x106999e80>]}
[0m22:05:09.789408 [debug] [MainThread]: Sending event: {'category': 'dbt', 'action': 'adapter_info', 'label': '4559fbd3-c155-4dc7-acb1-cfe171030105', 'context': [<snowplow_tracker.self_describing_json.SelfDescribingJson object at 0x10adf7aa0>]}
[0m22:05:09.790283 [info ] [MainThread]: Registered adapter: postgres=1.10.0
[0m22:05:09.868594 [debug] [MainThread]: checksum: 3d40d8bbe1bef07db1c24822f2dbfff8bc07f2a48ed4fe2658a40653aec0b54b, vars: {}, profile: , target: , version: 1.11.2
[0m22:05:09.949053 [info ] [MainThread]: Unable to do partial parsing because profile has changed
[0m22:05:09.949474 [debug] [MainThread]: Sending event: {'category': 'dbt', 'action': 'partial_parser', 'label': '4559fbd3-c155-4dc7-acb1-cfe171030105', 'context': [<snowplow_tracker.self_describing_json.SelfDescribingJson object at 0x10a41e360>]}
[0m22:05:10.700843 [warn ] [MainThread]: [[33mWARNING[0m][MissingArgumentsPropertyInGenericTestDeprecation]: Deprecated
functionality
Found top-level arguments to test `accepted_values` defined on 'stg_customer' in
package 'red_pandas_project' (models/staging/schema.yml). Arguments to generic
tests should be nested under the `arguments` property.
[0m22:05:10.701333 [debug] [MainThread]: Sending event: {'category': 'dbt', 'action': 'deprecation', 'label': '4559fbd3-c155-4dc7-acb1-cfe171030105', 'property_': 'warn', 'context': [<snowplow_tracker.self_describing_json.SelfDescribingJson object at 0x10ad74170>]}
[0m22:05:10.867124 [warn ] [MainThread]: [[33mWARNING[0m]: Configuration paths exist in your dbt_project.yml file which do not apply to any resources.
There are 2 unused configuration paths:
- models.red_pandas_project.reporting
- models.red_pandas_project.marts
[0m22:05:10.874338 [debug] [MainThread]: Sending event: {'category': 'dbt', 'action': 'load_project', 'label': '4559fbd3-c155-4dc7-acb1-cfe171030105', 'context': [<snowplow_tracker.self_describing_json.SelfDescribingJson object at 0x10c499fa0>]}
[0m22:05:10.938182 [debug] [MainThread]: Wrote artifact WritableManifest to /Users/brendanwallace-nash/Documents/red_pandas_project/dbt/dbt/target/manifest.json
[0m22:05:10.939794 [debug] [MainThread]: Wrote artifact SemanticManifest to /Users/brendanwallace-nash/Documents/red_pandas_project/dbt/dbt/target/semantic_manifest.json
[0m22:05:10.954837 [debug] [MainThread]: Sending event: {'category': 'dbt', 'action': 'resource_counts', 'label': '4559fbd3-c155-4dc7-acb1-cfe171030105', 'context': [<snowplow_tracker.self_describing_json.SelfDescribingJson object at 0x10c7048c0>]}
[0m22:05:10.955206 [info ] [MainThread]: Found 5 models, 1 seed, 17 data tests, 2 sources, 464 macros
[0m22:05:10.955445 [debug] [MainThread]: Sending event: {'category': 'dbt', 'action': 'runnable_timing', 'label': '4559fbd3-c155-4dc7-acb1-cfe171030105', 'context': [<snowplow_tracker.self_describing_json.SelfDescribingJson object at 0x10c26bf20>]}
[0m22:05:10.956902 [info ] [MainThread]: 
[0m22:05:10.957261 [info ] [MainThread]: Concurrency: 4 threads (target='dev')
[0m22:05:10.957461 [info ] [MainThread]: 
[0m22:05:10.957790 [debug] [MainThread]: Acquiring new postgres connection 'master'
[0m22:05:10.960343 [debug] [ThreadPool]: Acquiring new postgres connection 'list_eccom_db'
[0m22:05:11.001280 [debug] [ThreadPool]: Using postgres connection "list_eccom_db"
[0m22:05:11.001628 [debug] [ThreadPool]: On list_eccom_db: /* {"app": "dbt", "dbt_version": "1.11.2", "profile_name": "red_pandas_project", "target_name": "dev", "connection_name": "list_eccom_db"} */

    select distinct nspname from pg_namespace
  
[0m22:05:11.001839 [debug] [ThreadPool]: Opening a new connection, currently in state init
[0m22:05:11.004920 [debug] [ThreadPool]: Postgres adapter: Got a retryable error when attempting to open a postgres connection.
1 attempts remaining. Retrying in 0 seconds.
Error:
connection to server at "localhost" (::1), port 5432 failed: Connection refused
	Is the server running on that host and accepting TCP/IP connections?
connection to server at "localhost" (127.0.0.1), port 5432 failed: Connection refused
	Is the server running on that host and accepting TCP/IP connections?

[0m22:05:11.006851 [debug] [ThreadPool]: Postgres adapter: Error running SQL: /* {"app": "dbt", "dbt_version": "1.11.2", "profile_name": "red_pandas_project", "target_name": "dev", "connection_name": "list_eccom_db"} */

    select distinct nspname from pg_namespace
  
[0m22:05:11.007119 [debug] [ThreadPool]: Postgres adapter: Rolling back transaction.
[0m22:05:11.007364 [debug] [ThreadPool]: Postgres adapter: Error running SQL: macro list_schemas
[0m22:05:11.007560 [debug] [ThreadPool]: Postgres adapter: Rolling back transaction.
[0m22:05:11.007758 [debug] [ThreadPool]: On list_eccom_db: No close available on handle
[0m22:05:11.008175 [debug] [MainThread]: Connection 'master' was properly closed.
[0m22:05:11.008769 [debug] [MainThread]: Connection 'list_eccom_db' was properly closed.
[0m22:05:11.008968 [info ] [MainThread]: 
[0m22:05:11.009190 [info ] [MainThread]: Finished running  in 0 hours 0 minutes and 0.05 seconds (0.05s).
[0m22:05:11.009501 [error] [MainThread]: Encountered an error:
Database Error
  connection to server at "localhost" (::1), port 5432 failed: Connection refused
  	Is the server running on that host and accepting TCP/IP connections?
  connection to server at "localhost" (127.0.0.1), port 5432 failed: Connection refused
  	Is the server running on that host and accepting TCP/IP connections?
  
[0m22:05:11.009998 [warn ] [MainThread]: [[33mWARNING[0m][DeprecationsSummary]: Deprecated functionality
Summary of encountered deprecations:
- MissingArgumentsPropertyInGenericTestDeprecation: 4 occurrences
To see all deprecation instances instead of just the first occurrence of each,
run command again with the `--show-all-deprecations` flag. You may also need to
run with `--no-partial-parse` as some deprecations are only encountered during
parsing.
[0m22:05:11.015549 [debug] [MainThread]: Resource report: {"command_name": "run", "command_success": false, "command_wall_clock_time": 1.4481378, "process_in_blocks": "0", "process_kernel_time": 0.328215, "process_mem_max_rss": "140394496", "process_out_blocks": "0", "process_user_time": 2.151114}
[0m22:05:11.015957 [debug] [MainThread]: Command `dbt run` failed at 22:05:11.015897 after 1.45 seconds
[0m22:05:11.016213 [debug] [MainThread]: Sending event: {'category': 'dbt', 'action': 'invocation', 'label': 'end', 'context': [<snowplow_tracker.self_describing_json.SelfDescribingJson object at 0x105f6a1b0>, <snowplow_tracker.self_describing_json.SelfDescribingJson object at 0x10c3576e0>, <snowplow_tracker.self_describing_json.SelfDescribingJson object at 0x10c656300>]}
[0m22:05:11.016467 [debug] [MainThread]: Flushing usage events
[0m22:05:11.997786 [debug] [MainThread]: An error was encountered while trying to flush usage events
[0m22:06:01.568981 [debug] [MainThread]: Sending event: {'category': 'dbt', 'action': 'invocation', 'label': 'start', 'context': [<snowplow_tracker.self_describing_json.SelfDescribingJson object at 0x1027525d0>, <snowplow_tracker.self_describing_json.SelfDescribingJson object at 0x1040720c0>, <snowplow_tracker.self_describing_json.SelfDescribingJson object at 0x104d1ffe0>]}


============================== 22:06:01.573511 | 16765587-2d9c-48a4-9216-6c509af0a899 ==============================
[0m22:06:01.573511 [info ] [MainThread]: Running with dbt=1.11.2
[0m22:06:01.576981 [debug] [MainThread]: running dbt with arguments {'profiles_dir': '/Users/brendanwallace-nash/Documents/red_pandas_project/dbt/dbt', 'target_path': 'None', 'cache_selected_only': 'False', 'fail_fast': 'False', 'log_format': 'default', 'version_check': 'True', 'static_parser': 'True', 'send_anonymous_usage_stats': 'True', 'warn_error': 'None', 'warn_error_options': 'WarnErrorOptionsV2(error=[], warn=[], silence=[])', 'write_json': 'True', 'invocation_command': 'dbt run', 'quiet': 'False', 'no_print': 'None', 'introspect': 'True', 'partial_parse': 'True', 'printer_width': '80', 'use_experimental_parser': 'False', 'debug': 'False', 'empty': 'False', 'log_path': '/Users/brendanwallace-nash/Documents/red_pandas_project/dbt/dbt/logs', 'indirect_selection': 'eager', 'log_cache_events': 'False', 'use_colors': 'True'}
[0m22:06:01.697643 [debug] [MainThread]: Sending event: {'category': 'dbt', 'action': 'project_id', 'label': '16765587-2d9c-48a4-9216-6c509af0a899', 'context': [<snowplow_tracker.self_describing_json.SelfDescribingJson object at 0x104d1fda0>]}
[0m22:06:01.738404 [debug] [MainThread]: Sending event: {'category': 'dbt', 'action': 'adapter_info', 'label': '16765587-2d9c-48a4-9216-6c509af0a899', 'context': [<snowplow_tracker.self_describing_json.SelfDescribingJson object at 0x1048b50a0>]}
[0m22:06:01.739360 [info ] [MainThread]: Registered adapter: postgres=1.10.0
[0m22:06:01.827663 [debug] [MainThread]: checksum: 3d40d8bbe1bef07db1c24822f2dbfff8bc07f2a48ed4fe2658a40653aec0b54b, vars: {}, profile: , target: , version: 1.11.2
[0m22:06:01.930396 [debug] [MainThread]: Partial parsing enabled: 0 files deleted, 0 files added, 0 files changed.
[0m22:06:01.930771 [debug] [MainThread]: Nothing changed, skipping partial parsing.
[0m22:06:01.930976 [debug] [MainThread]: Partial parsing enabled, no changes found, skipping parsing
[0m22:06:01.934561 [warn ] [MainThread]: [[33mWARNING[0m]: Configuration paths exist in your dbt_project.yml file which do not apply to any resources.
There are 2 unused configuration paths:
- models.red_pandas_project.marts
- models.red_pandas_project.reporting
[0m22:06:01.969431 [debug] [MainThread]: Sending event: {'category': 'dbt', 'action': 'load_project', 'label': '16765587-2d9c-48a4-9216-6c509af0a899', 'context': [<snowplow_tracker.self_describing_json.SelfDescribingJson object at 0x10521f1d0>]}
[0m22:06:02.036433 [debug] [MainThread]: Wrote artifact WritableManifest to /Users/brendanwallace-nash/Documents/red_pandas_project/dbt/dbt/target/manifest.json
[0m22:06:02.037954 [debug] [MainThread]: Wrote artifact SemanticManifest to /Users/brendanwallace-nash/Documents/red_pandas_project/dbt/dbt/target/semantic_manifest.json
[0m22:06:02.052914 [debug] [MainThread]: Sending event: {'category': 'dbt', 'action': 'resource_counts', 'label': '16765587-2d9c-48a4-9216-6c509af0a899', 'context': [<snowplow_tracker.self_describing_json.SelfDescribingJson object at 0x105b003b0>]}
[0m22:06:02.053343 [info ] [MainThread]: Found 5 models, 1 seed, 17 data tests, 2 sources, 464 macros
[0m22:06:02.053631 [debug] [MainThread]: Sending event: {'category': 'dbt', 'action': 'runnable_timing', 'label': '16765587-2d9c-48a4-9216-6c509af0a899', 'context': [<snowplow_tracker.self_describing_json.SelfDescribingJson object at 0x104d1ea80>]}
[0m22:06:02.055322 [info ] [MainThread]: 
[0m22:06:02.055651 [info ] [MainThread]: Concurrency: 4 threads (target='dev')
[0m22:06:02.055942 [info ] [MainThread]: 
[0m22:06:02.056416 [debug] [MainThread]: Acquiring new postgres connection 'master'
[0m22:06:02.059340 [debug] [ThreadPool]: Acquiring new postgres connection 'list_eccom_db'
[0m22:06:02.101961 [debug] [ThreadPool]: Using postgres connection "list_eccom_db"
[0m22:06:02.102331 [debug] [ThreadPool]: On list_eccom_db: /* {"app": "dbt", "dbt_version": "1.11.2", "profile_name": "red_pandas_project", "target_name": "dev", "connection_name": "list_eccom_db"} */

    select distinct nspname from pg_namespace
  
[0m22:06:02.102547 [debug] [ThreadPool]: Opening a new connection, currently in state init
[0m22:06:02.105205 [debug] [ThreadPool]: Postgres adapter: Got a retryable error when attempting to open a postgres connection.
1 attempts remaining. Retrying in 0 seconds.
Error:
connection to server at "localhost" (::1), port 5432 failed: Connection refused
	Is the server running on that host and accepting TCP/IP connections?
connection to server at "localhost" (127.0.0.1), port 5432 failed: Connection refused
	Is the server running on that host and accepting TCP/IP connections?

[0m22:06:02.106287 [debug] [ThreadPool]: Postgres adapter: Error running SQL: /* {"app": "dbt", "dbt_version": "1.11.2", "profile_name": "red_pandas_project", "target_name": "dev", "connection_name": "list_eccom_db"} */

    select distinct nspname from pg_namespace
  
[0m22:06:02.106499 [debug] [ThreadPool]: Postgres adapter: Rolling back transaction.
[0m22:06:02.106726 [debug] [ThreadPool]: Postgres adapter: Error running SQL: macro list_schemas
[0m22:06:02.106900 [debug] [ThreadPool]: Postgres adapter: Rolling back transaction.
[0m22:06:02.107080 [debug] [ThreadPool]: On list_eccom_db: No close available on handle
[0m22:06:02.107490 [debug] [MainThread]: Connection 'master' was properly closed.
[0m22:06:02.107672 [debug] [MainThread]: Connection 'list_eccom_db' was properly closed.
[0m22:06:02.107888 [info ] [MainThread]: 
[0m22:06:02.108179 [info ] [MainThread]: Finished running  in 0 hours 0 minutes and 0.05 seconds (0.05s).
[0m22:06:02.108609 [error] [MainThread]: Encountered an error:
Database Error
  connection to server at "localhost" (::1), port 5432 failed: Connection refused
  	Is the server running on that host and accepting TCP/IP connections?
  connection to server at "localhost" (127.0.0.1), port 5432 failed: Connection refused
  	Is the server running on that host and accepting TCP/IP connections?
  
[0m22:06:02.110740 [debug] [MainThread]: Resource report: {"command_name": "run", "command_success": false, "command_wall_clock_time": 0.5911615, "process_in_blocks": "0", "process_kernel_time": 0.277278, "process_mem_max_rss": "130154496", "process_out_blocks": "0", "process_user_time": 1.323347}
[0m22:06:02.111162 [debug] [MainThread]: Command `dbt run` failed at 22:06:02.111067 after 0.59 seconds
[0m22:06:02.111475 [debug] [MainThread]: Sending event: {'category': 'dbt', 'action': 'invocation', 'label': 'end', 'context': [<snowplow_tracker.self_describing_json.SelfDescribingJson object at 0x1027525d0>, <snowplow_tracker.self_describing_json.SelfDescribingJson object at 0x105aefd10>, <snowplow_tracker.self_describing_json.SelfDescribingJson object at 0x105e99550>]}
[0m22:06:02.111827 [debug] [MainThread]: Flushing usage events
[0m22:06:03.100984 [debug] [MainThread]: An error was encountered while trying to flush usage events
[0m22:07:42.632996 [debug] [MainThread]: Sending event: {'category': 'dbt', 'action': 'invocation', 'label': 'start', 'context': [<snowplow_tracker.self_describing_json.SelfDescribingJson object at 0x108f91970>, <snowplow_tracker.self_describing_json.SelfDescribingJson object at 0x1095a4620>, <snowplow_tracker.self_describing_json.SelfDescribingJson object at 0x1095a4140>]}


============================== 22:07:42.637186 | 0ce660f1-5070-494e-9618-d97bb32c3e1d ==============================
[0m22:07:42.637186 [info ] [MainThread]: Running with dbt=1.11.2
[0m22:07:42.637599 [debug] [MainThread]: running dbt with arguments {'target_path': 'None', 'fail_fast': 'False', 'printer_width': '80', 'use_experimental_parser': 'False', 'warn_error_options': 'WarnErrorOptionsV2(error=[], warn=[], silence=[])', 'log_format': 'default', 'version_check': 'True', 'quiet': 'False', 'log_cache_events': 'False', 'cache_selected_only': 'False', 'log_path': '/Users/brendanwallace-nash/Documents/red_pandas_project/dbt/dbt/logs', 'no_print': 'None', 'empty': 'False', 'invocation_command': 'dbt run', 'write_json': 'True', 'profiles_dir': '/Users/brendanwallace-nash/Documents/red_pandas_project/dbt/dbt', 'use_colors': 'True', 'send_anonymous_usage_stats': 'True', 'warn_error': 'None', 'indirect_selection': 'eager', 'introspect': 'True', 'debug': 'False', 'partial_parse': 'True', 'static_parser': 'True'}
[0m22:07:42.751565 [debug] [MainThread]: Sending event: {'category': 'dbt', 'action': 'project_id', 'label': '0ce660f1-5070-494e-9618-d97bb32c3e1d', 'context': [<snowplow_tracker.self_describing_json.SelfDescribingJson object at 0x1099b9640>]}
[0m22:07:42.789243 [debug] [MainThread]: Sending event: {'category': 'dbt', 'action': 'adapter_info', 'label': '0ce660f1-5070-494e-9618-d97bb32c3e1d', 'context': [<snowplow_tracker.self_describing_json.SelfDescribingJson object at 0x108ef3d10>]}
[0m22:07:42.790364 [info ] [MainThread]: Registered adapter: postgres=1.10.0
[0m22:07:42.864331 [debug] [MainThread]: checksum: 3d40d8bbe1bef07db1c24822f2dbfff8bc07f2a48ed4fe2658a40653aec0b54b, vars: {}, profile: , target: , version: 1.11.2
[0m22:07:42.940421 [info ] [MainThread]: Unable to do partial parsing because profile has changed
[0m22:07:42.940911 [debug] [MainThread]: Sending event: {'category': 'dbt', 'action': 'partial_parser', 'label': '0ce660f1-5070-494e-9618-d97bb32c3e1d', 'context': [<snowplow_tracker.self_describing_json.SelfDescribingJson object at 0x10a21efc0>]}
[0m22:07:43.684078 [warn ] [MainThread]: [[33mWARNING[0m][MissingArgumentsPropertyInGenericTestDeprecation]: Deprecated
functionality
Found top-level arguments to test `accepted_values` defined on 'stg_customer' in
package 'red_pandas_project' (models/staging/schema.yml). Arguments to generic
tests should be nested under the `arguments` property.
[0m22:07:43.687494 [debug] [MainThread]: Sending event: {'category': 'dbt', 'action': 'deprecation', 'label': '0ce660f1-5070-494e-9618-d97bb32c3e1d', 'property_': 'warn', 'context': [<snowplow_tracker.self_describing_json.SelfDescribingJson object at 0x10a3a21b0>]}
[0m22:07:43.864965 [warn ] [MainThread]: [[33mWARNING[0m]: Configuration paths exist in your dbt_project.yml file which do not apply to any resources.
There are 2 unused configuration paths:
- models.red_pandas_project.reporting
- models.red_pandas_project.marts
[0m22:07:43.871653 [debug] [MainThread]: Sending event: {'category': 'dbt', 'action': 'load_project', 'label': '0ce660f1-5070-494e-9618-d97bb32c3e1d', 'context': [<snowplow_tracker.self_describing_json.SelfDescribingJson object at 0x10a71cec0>]}
[0m22:07:43.936584 [debug] [MainThread]: Wrote artifact WritableManifest to /Users/brendanwallace-nash/Documents/red_pandas_project/dbt/dbt/target/manifest.json
[0m22:07:43.938219 [debug] [MainThread]: Wrote artifact SemanticManifest to /Users/brendanwallace-nash/Documents/red_pandas_project/dbt/dbt/target/semantic_manifest.json
[0m22:07:43.953427 [debug] [MainThread]: Sending event: {'category': 'dbt', 'action': 'resource_counts', 'label': '0ce660f1-5070-494e-9618-d97bb32c3e1d', 'context': [<snowplow_tracker.self_describing_json.SelfDescribingJson object at 0x10a779100>]}
[0m22:07:43.953802 [info ] [MainThread]: Found 5 models, 1 seed, 17 data tests, 2 sources, 464 macros
[0m22:07:43.954091 [debug] [MainThread]: Sending event: {'category': 'dbt', 'action': 'runnable_timing', 'label': '0ce660f1-5070-494e-9618-d97bb32c3e1d', 'context': [<snowplow_tracker.self_describing_json.SelfDescribingJson object at 0x10a48bec0>]}
[0m22:07:43.955924 [info ] [MainThread]: 
[0m22:07:43.956297 [info ] [MainThread]: Concurrency: 4 threads (target='dev')
[0m22:07:43.956518 [info ] [MainThread]: 
[0m22:07:43.957011 [debug] [MainThread]: Acquiring new postgres connection 'master'
[0m22:07:43.959548 [debug] [ThreadPool]: Acquiring new postgres connection 'list_eccom_db'
[0m22:07:44.002160 [debug] [ThreadPool]: Using postgres connection "list_eccom_db"
[0m22:07:44.002582 [debug] [ThreadPool]: On list_eccom_db: /* {"app": "dbt", "dbt_version": "1.11.2", "profile_name": "red_pandas_project", "target_name": "dev", "connection_name": "list_eccom_db"} */

    select distinct nspname from pg_namespace
  
[0m22:07:44.002809 [debug] [ThreadPool]: Opening a new connection, currently in state init
[0m22:07:44.055298 [debug] [ThreadPool]: Postgres adapter: Got a retryable error when attempting to open a postgres connection.
1 attempts remaining. Retrying in 0 seconds.
Error:
connection to server at "localhost" (::1), port 5433 failed: FATAL:  password authentication failed for user "admin"

[0m22:07:44.078099 [debug] [ThreadPool]: Postgres adapter: Error running SQL: /* {"app": "dbt", "dbt_version": "1.11.2", "profile_name": "red_pandas_project", "target_name": "dev", "connection_name": "list_eccom_db"} */

    select distinct nspname from pg_namespace
  
[0m22:07:44.078560 [debug] [ThreadPool]: Postgres adapter: Rolling back transaction.
[0m22:07:44.079425 [debug] [ThreadPool]: Postgres adapter: Error running SQL: macro list_schemas
[0m22:07:44.079683 [debug] [ThreadPool]: Postgres adapter: Rolling back transaction.
[0m22:07:44.080000 [debug] [ThreadPool]: On list_eccom_db: No close available on handle
[0m22:07:44.080505 [debug] [MainThread]: Connection 'master' was properly closed.
[0m22:07:44.080731 [debug] [MainThread]: Connection 'list_eccom_db' was properly closed.
[0m22:07:44.081008 [info ] [MainThread]: 
[0m22:07:44.081425 [info ] [MainThread]: Finished running  in 0 hours 0 minutes and 0.12 seconds (0.12s).
[0m22:07:44.081834 [error] [MainThread]: Encountered an error:
Database Error
  connection to server at "localhost" (::1), port 5433 failed: FATAL:  password authentication failed for user "admin"
  
[0m22:07:44.082241 [warn ] [MainThread]: [[33mWARNING[0m][DeprecationsSummary]: Deprecated functionality
Summary of encountered deprecations:
- MissingArgumentsPropertyInGenericTestDeprecation: 4 occurrences
To see all deprecation instances instead of just the first occurrence of each,
run command again with the `--show-all-deprecations` flag. You may also need to
run with `--no-partial-parse` as some deprecations are only encountered during
parsing.
[0m22:07:44.084542 [debug] [MainThread]: Resource report: {"command_name": "run", "command_success": false, "command_wall_clock_time": 1.498375, "process_in_blocks": "0", "process_kernel_time": 0.313062, "process_mem_max_rss": "151207936", "process_out_blocks": "0", "process_user_time": 2.16641}
[0m22:07:44.084954 [debug] [MainThread]: Command `dbt run` failed at 22:07:44.084889 after 1.50 seconds
[0m22:07:44.085250 [debug] [MainThread]: Sending event: {'category': 'dbt', 'action': 'invocation', 'label': 'end', 'context': [<snowplow_tracker.self_describing_json.SelfDescribingJson object at 0x109528800>, <snowplow_tracker.self_describing_json.SelfDescribingJson object at 0x10a75c110>, <snowplow_tracker.self_describing_json.SelfDescribingJson object at 0x10a6ef4a0>]}
[0m22:07:44.085516 [debug] [MainThread]: Flushing usage events
[0m22:07:45.105656 [debug] [MainThread]: An error was encountered while trying to flush usage events
[0m22:13:12.408846 [debug] [MainThread]: Sending event: {'category': 'dbt', 'action': 'invocation', 'label': 'start', 'context': [<snowplow_tracker.self_describing_json.SelfDescribingJson object at 0x105e25760>, <snowplow_tracker.self_describing_json.SelfDescribingJson object at 0x107133fe0>, <snowplow_tracker.self_describing_json.SelfDescribingJson object at 0x107133f20>]}


============================== 22:13:14.314517 | 4c36571e-8acf-4d9e-95d8-60d20f25bc16 ==============================
[0m22:13:14.314517 [info ] [MainThread]: Running with dbt=1.11.2
[0m22:13:14.317767 [debug] [MainThread]: running dbt with arguments {'debug': 'False', 'no_print': 'None', 'log_format': 'default', 'indirect_selection': 'eager', 'fail_fast': 'False', 'use_experimental_parser': 'False', 'warn_error_options': 'WarnErrorOptionsV2(error=[], warn=[], silence=[])', 'log_path': '/Users/brendanwallace-nash/Documents/red_pandas_project/dbt/dbt/logs', 'printer_width': '80', 'cache_selected_only': 'False', 'log_cache_events': 'False', 'invocation_command': 'dbt run', 'partial_parse': 'True', 'static_parser': 'True', 'introspect': 'True', 'use_colors': 'True', 'empty': 'False', 'warn_error': 'None', 'profiles_dir': '/Users/brendanwallace-nash/Documents/red_pandas_project/dbt/dbt', 'send_anonymous_usage_stats': 'True', 'version_check': 'True', 'target_path': 'None', 'write_json': 'True', 'quiet': 'False'}
[0m22:13:14.475094 [debug] [MainThread]: Sending event: {'category': 'dbt', 'action': 'project_id', 'label': '4c36571e-8acf-4d9e-95d8-60d20f25bc16', 'context': [<snowplow_tracker.self_describing_json.SelfDescribingJson object at 0x10315e8d0>]}
[0m22:13:14.521416 [debug] [MainThread]: Sending event: {'category': 'dbt', 'action': 'adapter_info', 'label': '4c36571e-8acf-4d9e-95d8-60d20f25bc16', 'context': [<snowplow_tracker.self_describing_json.SelfDescribingJson object at 0x106d65df0>]}
[0m22:13:14.522556 [info ] [MainThread]: Registered adapter: postgres=1.10.0
[0m22:13:14.605316 [debug] [MainThread]: checksum: 3d40d8bbe1bef07db1c24822f2dbfff8bc07f2a48ed4fe2658a40653aec0b54b, vars: {}, profile: , target: , version: 1.11.2
[0m22:13:17.332699 [info ] [MainThread]: Unable to do partial parsing because profile has changed
[0m22:13:17.333415 [debug] [MainThread]: Sending event: {'category': 'dbt', 'action': 'partial_parser', 'label': '4c36571e-8acf-4d9e-95d8-60d20f25bc16', 'context': [<snowplow_tracker.self_describing_json.SelfDescribingJson object at 0x107133d70>]}
[0m22:13:31.969377 [warn ] [MainThread]: [[33mWARNING[0m][MissingArgumentsPropertyInGenericTestDeprecation]: Deprecated
functionality
Found top-level arguments to test `accepted_values` defined on 'stg_customer' in
package 'red_pandas_project' (models/staging/schema.yml). Arguments to generic
tests should be nested under the `arguments` property.
[0m22:13:31.970282 [debug] [MainThread]: Sending event: {'category': 'dbt', 'action': 'deprecation', 'label': '4c36571e-8acf-4d9e-95d8-60d20f25bc16', 'property_': 'warn', 'context': [<snowplow_tracker.self_describing_json.SelfDescribingJson object at 0x120bc2fc0>]}
[0m22:13:32.135527 [warn ] [MainThread]: [[33mWARNING[0m]: Configuration paths exist in your dbt_project.yml file which do not apply to any resources.
There are 2 unused configuration paths:
- models.red_pandas_project.reporting
- models.red_pandas_project.marts
[0m22:13:32.142145 [debug] [MainThread]: Sending event: {'category': 'dbt', 'action': 'load_project', 'label': '4c36571e-8acf-4d9e-95d8-60d20f25bc16', 'context': [<snowplow_tracker.self_describing_json.SelfDescribingJson object at 0x121627560>]}
[0m22:13:35.052041 [debug] [MainThread]: Wrote artifact WritableManifest to /Users/brendanwallace-nash/Documents/red_pandas_project/dbt/dbt/target/manifest.json
[0m22:13:36.689091 [debug] [MainThread]: Wrote artifact SemanticManifest to /Users/brendanwallace-nash/Documents/red_pandas_project/dbt/dbt/target/semantic_manifest.json
[0m22:13:40.222228 [debug] [MainThread]: Sending event: {'category': 'dbt', 'action': 'resource_counts', 'label': '4c36571e-8acf-4d9e-95d8-60d20f25bc16', 'context': [<snowplow_tracker.self_describing_json.SelfDescribingJson object at 0x121731f70>]}
[0m22:13:40.222689 [info ] [MainThread]: Found 5 models, 1 seed, 17 data tests, 2 sources, 464 macros
[0m22:13:40.223014 [debug] [MainThread]: Sending event: {'category': 'dbt', 'action': 'runnable_timing', 'label': '4c36571e-8acf-4d9e-95d8-60d20f25bc16', 'context': [<snowplow_tracker.self_describing_json.SelfDescribingJson object at 0x1215b3f20>]}
[0m22:13:40.224931 [info ] [MainThread]: 
[0m22:13:40.225298 [info ] [MainThread]: Concurrency: 4 threads (target='dev')
[0m22:13:40.225533 [info ] [MainThread]: 
[0m22:13:40.225853 [debug] [MainThread]: Acquiring new postgres connection 'master'
[0m22:13:40.228421 [debug] [ThreadPool]: Acquiring new postgres connection 'list_eccom_db'
[0m22:13:40.271765 [debug] [ThreadPool]: Using postgres connection "list_eccom_db"
[0m22:13:40.272133 [debug] [ThreadPool]: On list_eccom_db: /* {"app": "dbt", "dbt_version": "1.11.2", "profile_name": "red_pandas_project", "target_name": "dev", "connection_name": "list_eccom_db"} */

    select distinct nspname from pg_namespace
  
[0m22:13:40.273007 [debug] [ThreadPool]: Opening a new connection, currently in state init
[0m22:13:40.396575 [debug] [ThreadPool]: Postgres adapter: Got a retryable error when attempting to open a postgres connection.
1 attempts remaining. Retrying in 0 seconds.
Error:
connection to server at "localhost" (::1), port 5433 failed: FATAL:  password authentication failed for user "ADMIN"

[0m22:13:40.425724 [debug] [ThreadPool]: Postgres adapter: Error running SQL: /* {"app": "dbt", "dbt_version": "1.11.2", "profile_name": "red_pandas_project", "target_name": "dev", "connection_name": "list_eccom_db"} */

    select distinct nspname from pg_namespace
  
[0m22:13:40.426116 [debug] [ThreadPool]: Postgres adapter: Rolling back transaction.
[0m22:13:40.426371 [debug] [ThreadPool]: Postgres adapter: Error running SQL: macro list_schemas
[0m22:13:40.426560 [debug] [ThreadPool]: Postgres adapter: Rolling back transaction.
[0m22:13:40.426758 [debug] [ThreadPool]: On list_eccom_db: No close available on handle
[0m22:13:40.427229 [debug] [MainThread]: Connection 'master' was properly closed.
[0m22:13:40.427437 [debug] [MainThread]: Connection 'list_eccom_db' was properly closed.
[0m22:13:40.427635 [info ] [MainThread]: 
[0m22:13:40.428037 [info ] [MainThread]: Finished running  in 0 hours 0 minutes and 0.20 seconds (0.20s).
[0m22:13:40.430461 [error] [MainThread]: Encountered an error:
Database Error
  connection to server at "localhost" (::1), port 5433 failed: FATAL:  password authentication failed for user "ADMIN"
  
[0m22:13:40.431056 [warn ] [MainThread]: [[33mWARNING[0m][DeprecationsSummary]: Deprecated functionality
Summary of encountered deprecations:
- MissingArgumentsPropertyInGenericTestDeprecation: 4 occurrences
To see all deprecation instances instead of just the first occurrence of each,
run command again with the `--show-all-deprecations` flag. You may also need to
run with `--no-partial-parse` as some deprecations are only encountered during
parsing.
[0m22:13:40.433375 [debug] [MainThread]: Resource report: {"command_name": "run", "command_success": false, "command_wall_clock_time": 31.114609, "process_in_blocks": "0", "process_kernel_time": 0.339243, "process_mem_max_rss": "151584768", "process_out_blocks": "0", "process_user_time": 2.24372}
[0m22:13:40.433686 [debug] [MainThread]: Command `dbt run` failed at 22:13:40.433632 after 31.11 seconds
[0m22:13:40.433947 [debug] [MainThread]: Sending event: {'category': 'dbt', 'action': 'invocation', 'label': 'end', 'context': [<snowplow_tracker.self_describing_json.SelfDescribingJson object at 0x1058860c0>, <snowplow_tracker.self_describing_json.SelfDescribingJson object at 0x1216deed0>, <snowplow_tracker.self_describing_json.SelfDescribingJson object at 0x1216564b0>]}
[0m22:13:40.434197 [debug] [MainThread]: Flushing usage events
[0m22:13:41.402919 [debug] [MainThread]: An error was encountered while trying to flush usage events
[0m22:15:45.946478 [debug] [MainThread]: Sending event: {'category': 'dbt', 'action': 'invocation', 'label': 'start', 'context': [<snowplow_tracker.self_describing_json.SelfDescribingJson object at 0x104ef2570>, <snowplow_tracker.self_describing_json.SelfDescribingJson object at 0x105507fe0>, <snowplow_tracker.self_describing_json.SelfDescribingJson object at 0x105507f20>]}


============================== 22:15:45.951187 | ce761109-5c96-40ea-8c2c-44bd2d83d0d1 ==============================
[0m22:15:45.951187 [info ] [MainThread]: Running with dbt=1.11.2
[0m22:15:45.951712 [debug] [MainThread]: running dbt with arguments {'send_anonymous_usage_stats': 'True', 'printer_width': '80', 'partial_parse': 'True', 'indirect_selection': 'eager', 'introspect': 'True', 'quiet': 'False', 'write_json': 'True', 'log_cache_events': 'False', 'profiles_dir': '/Users/brendanwallace-nash/Documents/red_pandas_project/dbt/dbt', 'debug': 'False', 'log_format': 'default', 'use_colors': 'True', 'target_path': 'None', 'empty': 'False', 'static_parser': 'True', 'version_check': 'True', 'cache_selected_only': 'False', 'log_path': '/Users/brendanwallace-nash/Documents/red_pandas_project/dbt/dbt/logs', 'invocation_command': 'dbt run', 'warn_error_options': 'WarnErrorOptionsV2(error=[], warn=[], silence=[])', 'no_print': 'None', 'warn_error': 'None', 'use_experimental_parser': 'False', 'fail_fast': 'False'}
[0m22:15:46.074769 [debug] [MainThread]: Sending event: {'category': 'dbt', 'action': 'project_id', 'label': 'ce761109-5c96-40ea-8c2c-44bd2d83d0d1', 'context': [<snowplow_tracker.self_describing_json.SelfDescribingJson object at 0x104ef34d0>]}
[0m22:15:46.115700 [debug] [MainThread]: Sending event: {'category': 'dbt', 'action': 'adapter_info', 'label': 'ce761109-5c96-40ea-8c2c-44bd2d83d0d1', 'context': [<snowplow_tracker.self_describing_json.SelfDescribingJson object at 0x104cb3470>]}
[0m22:15:46.116616 [info ] [MainThread]: Registered adapter: postgres=1.10.0
[0m22:15:46.194985 [debug] [MainThread]: checksum: 3d40d8bbe1bef07db1c24822f2dbfff8bc07f2a48ed4fe2658a40653aec0b54b, vars: {}, profile: , target: , version: 1.11.2
[0m22:15:46.272989 [info ] [MainThread]: Unable to do partial parsing because profile has changed
[0m22:15:46.273586 [debug] [MainThread]: Sending event: {'category': 'dbt', 'action': 'partial_parser', 'label': 'ce761109-5c96-40ea-8c2c-44bd2d83d0d1', 'context': [<snowplow_tracker.self_describing_json.SelfDescribingJson object at 0x104ef2120>]}
[0m22:15:47.030148 [warn ] [MainThread]: [[33mWARNING[0m][MissingArgumentsPropertyInGenericTestDeprecation]: Deprecated
functionality
Found top-level arguments to test `accepted_values` defined on 'stg_customer' in
package 'red_pandas_project' (models/staging/schema.yml). Arguments to generic
tests should be nested under the `arguments` property.
[0m22:15:47.030603 [debug] [MainThread]: Sending event: {'category': 'dbt', 'action': 'deprecation', 'label': 'ce761109-5c96-40ea-8c2c-44bd2d83d0d1', 'property_': 'warn', 'context': [<snowplow_tracker.self_describing_json.SelfDescribingJson object at 0x10642d490>]}
[0m22:15:47.201494 [warn ] [MainThread]: [[33mWARNING[0m]: Configuration paths exist in your dbt_project.yml file which do not apply to any resources.
There are 2 unused configuration paths:
- models.red_pandas_project.reporting
- models.red_pandas_project.marts
[0m22:15:47.208135 [debug] [MainThread]: Sending event: {'category': 'dbt', 'action': 'load_project', 'label': 'ce761109-5c96-40ea-8c2c-44bd2d83d0d1', 'context': [<snowplow_tracker.self_describing_json.SelfDescribingJson object at 0x103a86150>]}
[0m22:15:47.273945 [debug] [MainThread]: Wrote artifact WritableManifest to /Users/brendanwallace-nash/Documents/red_pandas_project/dbt/dbt/target/manifest.json
[0m22:15:47.275560 [debug] [MainThread]: Wrote artifact SemanticManifest to /Users/brendanwallace-nash/Documents/red_pandas_project/dbt/dbt/target/semantic_manifest.json
[0m22:15:47.290654 [debug] [MainThread]: Sending event: {'category': 'dbt', 'action': 'resource_counts', 'label': 'ce761109-5c96-40ea-8c2c-44bd2d83d0d1', 'context': [<snowplow_tracker.self_describing_json.SelfDescribingJson object at 0x106709fd0>]}
[0m22:15:47.291002 [info ] [MainThread]: Found 5 models, 1 seed, 17 data tests, 2 sources, 464 macros
[0m22:15:47.291235 [debug] [MainThread]: Sending event: {'category': 'dbt', 'action': 'runnable_timing', 'label': 'ce761109-5c96-40ea-8c2c-44bd2d83d0d1', 'context': [<snowplow_tracker.self_describing_json.SelfDescribingJson object at 0x1066805c0>]}
[0m22:15:47.292636 [info ] [MainThread]: 
[0m22:15:47.292880 [info ] [MainThread]: Concurrency: 4 threads (target='dev')
[0m22:15:47.293073 [info ] [MainThread]: 
[0m22:15:47.293366 [debug] [MainThread]: Acquiring new postgres connection 'master'
[0m22:15:47.295830 [debug] [ThreadPool]: Acquiring new postgres connection 'list_postgres'
[0m22:15:47.338681 [debug] [ThreadPool]: Using postgres connection "list_postgres"
[0m22:15:47.339079 [debug] [ThreadPool]: On list_postgres: /* {"app": "dbt", "dbt_version": "1.11.2", "profile_name": "red_pandas_project", "target_name": "dev", "connection_name": "list_postgres"} */

    select distinct nspname from pg_namespace
  
[0m22:15:47.339948 [debug] [ThreadPool]: Opening a new connection, currently in state init
[0m22:15:47.374688 [debug] [ThreadPool]: Postgres adapter: Got a retryable error when attempting to open a postgres connection.
1 attempts remaining. Retrying in 0 seconds.
Error:
connection to server at "localhost" (::1), port 5433 failed: FATAL:  password authentication failed for user "admin"

[0m22:15:47.395779 [debug] [ThreadPool]: Postgres adapter: Error running SQL: /* {"app": "dbt", "dbt_version": "1.11.2", "profile_name": "red_pandas_project", "target_name": "dev", "connection_name": "list_postgres"} */

    select distinct nspname from pg_namespace
  
[0m22:15:47.396278 [debug] [ThreadPool]: Postgres adapter: Rolling back transaction.
[0m22:15:47.396558 [debug] [ThreadPool]: Postgres adapter: Error running SQL: macro list_schemas
[0m22:15:47.396759 [debug] [ThreadPool]: Postgres adapter: Rolling back transaction.
[0m22:15:47.396961 [debug] [ThreadPool]: On list_postgres: No close available on handle
[0m22:15:47.397474 [debug] [MainThread]: Connection 'master' was properly closed.
[0m22:15:47.397669 [debug] [MainThread]: Connection 'list_postgres' was properly closed.
[0m22:15:47.397851 [info ] [MainThread]: 
[0m22:15:47.398062 [info ] [MainThread]: Finished running  in 0 hours 0 minutes and 0.10 seconds (0.10s).
[0m22:15:47.398355 [error] [MainThread]: Encountered an error:
Database Error
  connection to server at "localhost" (::1), port 5433 failed: FATAL:  password authentication failed for user "admin"
  
[0m22:15:47.398716 [warn ] [MainThread]: [[33mWARNING[0m][DeprecationsSummary]: Deprecated functionality
Summary of encountered deprecations:
- MissingArgumentsPropertyInGenericTestDeprecation: 4 occurrences
To see all deprecation instances instead of just the first occurrence of each,
run command again with the `--show-all-deprecations` flag. You may also need to
run with `--no-partial-parse` as some deprecations are only encountered during
parsing.
[0m22:15:47.401262 [debug] [MainThread]: Resource report: {"command_name": "run", "command_success": false, "command_wall_clock_time": 1.5054073, "process_in_blocks": "0", "process_kernel_time": 0.324191, "process_mem_max_rss": "149913600", "process_out_blocks": "0", "process_user_time": 2.170794}
[0m22:15:47.401725 [debug] [MainThread]: Command `dbt run` failed at 22:15:47.401659 after 1.51 seconds
[0m22:15:47.402006 [debug] [MainThread]: Sending event: {'category': 'dbt', 'action': 'invocation', 'label': 'end', 'context': [<snowplow_tracker.self_describing_json.SelfDescribingJson object at 0x10484a270>, <snowplow_tracker.self_describing_json.SelfDescribingJson object at 0x10672a450>, <snowplow_tracker.self_describing_json.SelfDescribingJson object at 0x106250920>]}
[0m22:15:47.402265 [debug] [MainThread]: Flushing usage events
[0m22:15:48.424928 [debug] [MainThread]: An error was encountered while trying to flush usage events
[0m22:16:30.653794 [debug] [MainThread]: Sending event: {'category': 'dbt', 'action': 'invocation', 'label': 'start', 'context': [<snowplow_tracker.self_describing_json.SelfDescribingJson object at 0x10691e5a0>, <snowplow_tracker.self_describing_json.SelfDescribingJson object at 0x106181280>, <snowplow_tracker.self_describing_json.SelfDescribingJson object at 0x106182090>]}


============================== 22:16:30.657629 | 8bf69a5d-d5ef-4712-8be1-d4202fb7b01f ==============================
[0m22:16:30.657629 [info ] [MainThread]: Running with dbt=1.11.2
[0m22:16:30.658302 [debug] [MainThread]: running dbt with arguments {'printer_width': '80', 'quiet': 'False', 'warn_error': 'None', 'no_print': 'None', 'indirect_selection': 'eager', 'write_json': 'True', 'log_cache_events': 'False', 'partial_parse': 'True', 'static_parser': 'True', 'invocation_command': 'dbt run', 'target_path': 'None', 'debug': 'False', 'empty': 'False', 'cache_selected_only': 'False', 'log_path': '/Users/brendanwallace-nash/Documents/red_pandas_project/dbt/dbt/logs', 'use_experimental_parser': 'False', 'fail_fast': 'False', 'profiles_dir': '/Users/brendanwallace-nash/Documents/red_pandas_project/dbt/dbt', 'version_check': 'True', 'introspect': 'True', 'warn_error_options': 'WarnErrorOptionsV2(error=[], warn=[], silence=[])', 'log_format': 'default', 'use_colors': 'True', 'send_anonymous_usage_stats': 'True'}
[0m22:16:30.780011 [debug] [MainThread]: Sending event: {'category': 'dbt', 'action': 'project_id', 'label': '8bf69a5d-d5ef-4712-8be1-d4202fb7b01f', 'context': [<snowplow_tracker.self_describing_json.SelfDescribingJson object at 0x107165f70>]}
[0m22:16:30.819641 [debug] [MainThread]: Sending event: {'category': 'dbt', 'action': 'adapter_info', 'label': '8bf69a5d-d5ef-4712-8be1-d4202fb7b01f', 'context': [<snowplow_tracker.self_describing_json.SelfDescribingJson object at 0x107166de0>]}
[0m22:16:30.820397 [info ] [MainThread]: Registered adapter: postgres=1.10.0
[0m22:16:30.894552 [debug] [MainThread]: checksum: 3d40d8bbe1bef07db1c24822f2dbfff8bc07f2a48ed4fe2658a40653aec0b54b, vars: {}, profile: , target: , version: 1.11.2
[0m22:16:30.971217 [info ] [MainThread]: Unable to do partial parsing because profile has changed
[0m22:16:30.971734 [debug] [MainThread]: Sending event: {'category': 'dbt', 'action': 'partial_parser', 'label': '8bf69a5d-d5ef-4712-8be1-d4202fb7b01f', 'context': [<snowplow_tracker.self_describing_json.SelfDescribingJson object at 0x10691dfd0>]}
[0m22:16:31.711982 [warn ] [MainThread]: [[33mWARNING[0m][MissingArgumentsPropertyInGenericTestDeprecation]: Deprecated
functionality
Found top-level arguments to test `accepted_values` defined on 'stg_customer' in
package 'red_pandas_project' (models/staging/schema.yml). Arguments to generic
tests should be nested under the `arguments` property.
[0m22:16:31.712491 [debug] [MainThread]: Sending event: {'category': 'dbt', 'action': 'deprecation', 'label': '8bf69a5d-d5ef-4712-8be1-d4202fb7b01f', 'property_': 'warn', 'context': [<snowplow_tracker.self_describing_json.SelfDescribingJson object at 0x110c36e70>]}
[0m22:16:31.887689 [warn ] [MainThread]: [[33mWARNING[0m]: Configuration paths exist in your dbt_project.yml file which do not apply to any resources.
There are 2 unused configuration paths:
- models.red_pandas_project.marts
- models.red_pandas_project.reporting
[0m22:16:31.895068 [debug] [MainThread]: Sending event: {'category': 'dbt', 'action': 'load_project', 'label': '8bf69a5d-d5ef-4712-8be1-d4202fb7b01f', 'context': [<snowplow_tracker.self_describing_json.SelfDescribingJson object at 0x110aba4b0>]}
[0m22:16:31.957956 [debug] [MainThread]: Wrote artifact WritableManifest to /Users/brendanwallace-nash/Documents/red_pandas_project/dbt/dbt/target/manifest.json
[0m22:16:31.960759 [debug] [MainThread]: Wrote artifact SemanticManifest to /Users/brendanwallace-nash/Documents/red_pandas_project/dbt/dbt/target/semantic_manifest.json
[0m22:16:31.980448 [debug] [MainThread]: Sending event: {'category': 'dbt', 'action': 'resource_counts', 'label': '8bf69a5d-d5ef-4712-8be1-d4202fb7b01f', 'context': [<snowplow_tracker.self_describing_json.SelfDescribingJson object at 0x110ef28d0>]}
[0m22:16:31.980884 [info ] [MainThread]: Found 5 models, 1 seed, 17 data tests, 2 sources, 464 macros
[0m22:16:31.981208 [debug] [MainThread]: Sending event: {'category': 'dbt', 'action': 'runnable_timing', 'label': '8bf69a5d-d5ef-4712-8be1-d4202fb7b01f', 'context': [<snowplow_tracker.self_describing_json.SelfDescribingJson object at 0x110e995e0>]}
[0m22:16:31.982840 [info ] [MainThread]: 
[0m22:16:31.983148 [info ] [MainThread]: Concurrency: 4 threads (target='dev')
[0m22:16:31.983351 [info ] [MainThread]: 
[0m22:16:31.983659 [debug] [MainThread]: Acquiring new postgres connection 'master'
[0m22:16:31.986188 [debug] [ThreadPool]: Acquiring new postgres connection 'list_postgres'
[0m22:16:32.027530 [debug] [ThreadPool]: Using postgres connection "list_postgres"
[0m22:16:32.027940 [debug] [ThreadPool]: On list_postgres: /* {"app": "dbt", "dbt_version": "1.11.2", "profile_name": "red_pandas_project", "target_name": "dev", "connection_name": "list_postgres"} */

    select distinct nspname from pg_namespace
  
[0m22:16:32.028148 [debug] [ThreadPool]: Opening a new connection, currently in state init
[0m22:16:32.074191 [debug] [ThreadPool]: SQL status: SELECT 6 in 0.046 seconds
[0m22:16:32.075239 [debug] [ThreadPool]: On list_postgres: Close
[0m22:16:32.075768 [debug] [ThreadPool]: Re-using an available connection from the pool (formerly list_postgres, now create_postgres_public_staging)
[0m22:16:32.076126 [debug] [ThreadPool]: Creating schema "database: "postgres"
schema: "public_staging"
"
[0m22:16:32.079608 [debug] [ThreadPool]: Using postgres connection "create_postgres_public_staging"
[0m22:16:32.079861 [debug] [ThreadPool]: On create_postgres_public_staging: /* {"app": "dbt", "dbt_version": "1.11.2", "profile_name": "red_pandas_project", "target_name": "dev", "connection_name": "create_postgres_public_staging"} */
create schema if not exists "public_staging"
[0m22:16:32.080087 [debug] [ThreadPool]: Opening a new connection, currently in state closed
[0m22:16:32.099989 [debug] [ThreadPool]: SQL status: CREATE SCHEMA in 0.020 seconds
[0m22:16:32.100787 [debug] [ThreadPool]: On create_postgres_public_staging: COMMIT
[0m22:16:32.101033 [debug] [ThreadPool]: Using postgres connection "create_postgres_public_staging"
[0m22:16:32.101243 [debug] [ThreadPool]: On create_postgres_public_staging: COMMIT
[0m22:16:32.117145 [debug] [ThreadPool]: SQL status: COMMIT in 0.016 seconds
[0m22:16:32.117451 [debug] [ThreadPool]: On create_postgres_public_staging: Close
[0m22:16:32.118743 [debug] [ThreadPool]: Re-using an available connection from the pool (formerly create_postgres_public_staging, now list_postgres_public_staging)
[0m22:16:32.122593 [debug] [ThreadPool]: Using postgres connection "list_postgres_public_staging"
[0m22:16:32.122896 [debug] [ThreadPool]: Acquiring new postgres connection 'list_postgres_public_raw'
[0m22:16:32.123243 [debug] [ThreadPool]: On list_postgres_public_staging: /* {"app": "dbt", "dbt_version": "1.11.2", "profile_name": "red_pandas_project", "target_name": "dev", "connection_name": "list_postgres_public_staging"} */
select
      'postgres' as database,
      tablename as name,
      schemaname as schema,
      'table' as type
    from pg_tables
    where schemaname ilike 'public_staging'
    union all
    select
      'postgres' as database,
      viewname as name,
      schemaname as schema,
      'view' as type
    from pg_views
    where schemaname ilike 'public_staging'
    union all
    select
      'postgres' as database,
      matviewname as name,
      schemaname as schema,
      'materialized_view' as type
    from pg_matviews
    where schemaname ilike 'public_staging'
  
[0m22:16:32.124693 [debug] [ThreadPool]: Using postgres connection "list_postgres_public_raw"
[0m22:16:32.124993 [debug] [ThreadPool]: Opening a new connection, currently in state closed
[0m22:16:32.125319 [debug] [ThreadPool]: On list_postgres_public_raw: /* {"app": "dbt", "dbt_version": "1.11.2", "profile_name": "red_pandas_project", "target_name": "dev", "connection_name": "list_postgres_public_raw"} */
select
      'postgres' as database,
      tablename as name,
      schemaname as schema,
      'table' as type
    from pg_tables
    where schemaname ilike 'public_raw'
    union all
    select
      'postgres' as database,
      viewname as name,
      schemaname as schema,
      'view' as type
    from pg_views
    where schemaname ilike 'public_raw'
    union all
    select
      'postgres' as database,
      matviewname as name,
      schemaname as schema,
      'materialized_view' as type
    from pg_matviews
    where schemaname ilike 'public_raw'
  
[0m22:16:32.125805 [debug] [ThreadPool]: Opening a new connection, currently in state init
[0m22:16:32.149827 [debug] [ThreadPool]: SQL status: SELECT 0 in 0.024 seconds
[0m22:16:32.150839 [debug] [ThreadPool]: On list_postgres_public_raw: ROLLBACK
[0m22:16:32.151165 [debug] [ThreadPool]: SQL status: SELECT 0 in 0.026 seconds
[0m22:16:32.151856 [debug] [ThreadPool]: On list_postgres_public_staging: ROLLBACK
[0m22:16:32.152066 [debug] [ThreadPool]: On list_postgres_public_raw: Close
[0m22:16:32.153595 [debug] [ThreadPool]: On list_postgres_public_staging: Close
[0m22:16:32.156612 [debug] [MainThread]: Using postgres connection "master"
[0m22:16:32.156996 [debug] [MainThread]: On master: /* {"app": "dbt", "dbt_version": "1.11.2", "profile_name": "red_pandas_project", "target_name": "dev", "connection_name": "master"} */
select distinct
        dependent_namespace.nspname as dependent_schema,
        dependent_class.relname as dependent_name,
        referenced_namespace.nspname as referenced_schema,
        referenced_class.relname as referenced_name

    -- Query for views: views are entries in pg_class with an entry in pg_rewrite, but we avoid
    -- a seq scan on pg_rewrite by leveraging the fact there is an "internal" row in pg_depend for
    -- the view...
    from pg_class as dependent_class
    join pg_namespace as dependent_namespace on dependent_namespace.oid = dependent_class.relnamespace
    join pg_depend as dependent_depend on dependent_depend.refobjid = dependent_class.oid
        and dependent_depend.classid = 'pg_rewrite'::regclass
        and dependent_depend.refclassid = 'pg_class'::regclass
        and dependent_depend.deptype = 'i'

    -- ... and via pg_depend (that has a row per column, hence the need for "distinct" above, and
    -- making sure to exclude the internal row to avoid a view appearing to depend on itself)...
    join pg_depend as joining_depend on joining_depend.objid = dependent_depend.objid
        and joining_depend.classid = 'pg_rewrite'::regclass
        and joining_depend.refclassid = 'pg_class'::regclass
        and joining_depend.refobjid != dependent_depend.refobjid

    -- ... we can find the tables they query from in pg_class, but excluding system tables. Note we
    -- don't need need to exclude _dependent_ system tables, because they only query from other
    -- system tables, and so are automatically excluded by excluding _referenced_ system tables
    join pg_class as referenced_class on referenced_class.oid = joining_depend.refobjid
    join pg_namespace as referenced_namespace on referenced_namespace.oid = referenced_class.relnamespace
        and referenced_namespace.nspname != 'information_schema'
        and referenced_namespace.nspname not like 'pg\_%'

    order by
        dependent_schema, dependent_name, referenced_schema, referenced_name;
[0m22:16:32.157299 [debug] [MainThread]: Opening a new connection, currently in state init
[0m22:16:32.176317 [debug] [MainThread]: SQL status: SELECT 0 in 0.019 seconds
[0m22:16:32.177364 [debug] [MainThread]: Sending event: {'category': 'dbt', 'action': 'runnable_timing', 'label': '8bf69a5d-d5ef-4712-8be1-d4202fb7b01f', 'context': [<snowplow_tracker.self_describing_json.SelfDescribingJson object at 0x110ddefc0>]}
[0m22:16:32.177977 [debug] [MainThread]: On master: ROLLBACK
[0m22:16:32.178988 [debug] [MainThread]: On master: COMMIT
[0m22:16:32.179232 [debug] [MainThread]: Using postgres connection "master"
[0m22:16:32.179418 [debug] [MainThread]: On master: COMMIT
[0m22:16:32.180277 [debug] [MainThread]: SQL status: COMMIT in 0.001 seconds
[0m22:16:32.180519 [debug] [MainThread]: On master: Close
[0m22:16:32.182975 [debug] [Thread-1 (]: Began running node model.red_pandas_project.customer
[0m22:16:32.183384 [debug] [Thread-2 (]: Began running node model.red_pandas_project.stg_customer
[0m22:16:32.183773 [debug] [Thread-3 (]: Began running node model.red_pandas_project.stg_orders
[0m22:16:32.184051 [debug] [Thread-4 (]: Began running node model.red_pandas_project.stg_products
[0m22:16:32.184557 [info ] [Thread-1 (]: 1 of 5 START sql view model public_staging.customer ............................ [RUN]
[0m22:16:32.185102 [info ] [Thread-2 (]: 2 of 5 START sql view model public_staging.stg_customer ........................ [RUN]
[0m22:16:32.185655 [info ] [Thread-3 (]: 3 of 5 START sql view model public_staging.stg_orders .......................... [RUN]
[0m22:16:32.186111 [info ] [Thread-4 (]: 4 of 5 START sql view model public_staging.stg_products ........................ [RUN]
[0m22:16:32.186550 [debug] [Thread-1 (]: Re-using an available connection from the pool (formerly list_postgres_public_staging, now model.red_pandas_project.customer)
[0m22:16:32.186913 [debug] [Thread-2 (]: Re-using an available connection from the pool (formerly list_postgres_public_raw, now model.red_pandas_project.stg_customer)
[0m22:16:32.187346 [debug] [Thread-3 (]: Acquiring new postgres connection 'model.red_pandas_project.stg_orders'
[0m22:16:32.187694 [debug] [Thread-4 (]: Acquiring new postgres connection 'model.red_pandas_project.stg_products'
[0m22:16:32.187970 [debug] [Thread-1 (]: Began compiling node model.red_pandas_project.customer
[0m22:16:32.188197 [debug] [Thread-2 (]: Began compiling node model.red_pandas_project.stg_customer
[0m22:16:32.188513 [debug] [Thread-3 (]: Began compiling node model.red_pandas_project.stg_orders
[0m22:16:32.188819 [debug] [Thread-4 (]: Began compiling node model.red_pandas_project.stg_products
[0m22:16:32.193969 [debug] [Thread-1 (]: Writing injected SQL for node "model.red_pandas_project.customer"
[0m22:16:32.196567 [debug] [Thread-2 (]: Writing injected SQL for node "model.red_pandas_project.stg_customer"
[0m22:16:32.198606 [debug] [Thread-3 (]: Writing injected SQL for node "model.red_pandas_project.stg_orders"
[0m22:16:32.200333 [debug] [Thread-4 (]: Writing injected SQL for node "model.red_pandas_project.stg_products"
[0m22:16:32.206356 [debug] [Thread-1 (]: Began executing node model.red_pandas_project.customer
[0m22:16:32.206716 [debug] [Thread-3 (]: Began executing node model.red_pandas_project.stg_orders
[0m22:16:32.206967 [debug] [Thread-2 (]: Began executing node model.red_pandas_project.stg_customer
[0m22:16:32.207195 [debug] [Thread-4 (]: Began executing node model.red_pandas_project.stg_products
[0m22:16:32.275284 [debug] [Thread-1 (]: Writing runtime sql for node "model.red_pandas_project.customer"
[0m22:16:32.276319 [debug] [Thread-3 (]: Writing runtime sql for node "model.red_pandas_project.stg_orders"
[0m22:16:32.278645 [debug] [Thread-2 (]: Writing runtime sql for node "model.red_pandas_project.stg_customer"
[0m22:16:32.280718 [debug] [Thread-4 (]: Writing runtime sql for node "model.red_pandas_project.stg_products"
[0m22:16:32.281751 [debug] [Thread-3 (]: Using postgres connection "model.red_pandas_project.stg_orders"
[0m22:16:32.282145 [debug] [Thread-1 (]: Using postgres connection "model.red_pandas_project.customer"
[0m22:16:32.282431 [debug] [Thread-3 (]: On model.red_pandas_project.stg_orders: /* {"app": "dbt", "dbt_version": "1.11.2", "profile_name": "red_pandas_project", "target_name": "dev", "node_id": "model.red_pandas_project.stg_orders"} */

  create view "postgres"."public_staging"."stg_orders__dbt_tmp"
    
    
  as (
    

with source as (
    select * from "eccom_db"."staging"."orders"
),

cleaned as (
    select
        id                                  as order_id,
        created_date::timestamp             as created_at,
        customer_id,
        order_products::jsonb               as order_products,
        order_quantity::jsonb               as order_quantity
    from source
    where id is not null
)

select * from cleaned
  );
[0m22:16:32.282718 [debug] [Thread-2 (]: Using postgres connection "model.red_pandas_project.stg_customer"
[0m22:16:32.282948 [debug] [Thread-4 (]: Using postgres connection "model.red_pandas_project.stg_products"
[0m22:16:32.283208 [debug] [Thread-1 (]: On model.red_pandas_project.customer: /* {"app": "dbt", "dbt_version": "1.11.2", "profile_name": "red_pandas_project", "target_name": "dev", "node_id": "model.red_pandas_project.customer"} */

  create view "postgres"."public_staging"."customer__dbt_tmp"
    
    
  as (
    

with source as (
    select * from "eccom_db"."staging"."customer"
),

cleaned as (
    select
        id                              as customer_id,
        created_time::timestamp         as created_at,
        trim(full_name)                 as full_name,
        trim(salulation)                as salutation,
        trim(first_name)                as first_name,
        trim(last_name)                 as last_name,
        street_number::int              as street_number,
        trim(street_name)               as street_name,
        trim(city)                      as city,
        trim(postcode)                  as postcode,
        upper(trim(state))              as state,
        trim(full_address)              as full_address
    from source
    where id is not null
)

select * from cleaned
  );
[0m22:16:32.283480 [debug] [Thread-3 (]: Opening a new connection, currently in state init
[0m22:16:32.283753 [debug] [Thread-2 (]: On model.red_pandas_project.stg_customer: /* {"app": "dbt", "dbt_version": "1.11.2", "profile_name": "red_pandas_project", "target_name": "dev", "node_id": "model.red_pandas_project.stg_customer"} */

  create view "postgres"."public_staging"."stg_customer__dbt_tmp"
    
    
  as (
    

with source as (
    select * from "eccom_db"."staging"."customer"
),

cleaned as (
    select
        id as customer_id,
        
        -- Parse created_time to timestamp
        -- Adjust the format based on your actual data format
        case 
            when created_time is not null 
            then created_time::timestamp
            else null
        end as created_at,
        
        -- Name fields
        trim(full_name) as full_name,
        trim(salulation) as salutation, 
        trim(first_name) as first_name,
        trim(last_name) as last_name,
        
        -- Address fields
        street_number,
        trim(street_name) as street_name,
        trim(city) as city,
        trim(postcode) as postcode,
        upper(trim(state)) as state,
        trim(full_address) as full_address
        
    from source
    
    -- Data quality filters
    where id is not null
        -- Add state validation if needed
        and (state is null or length(state) <= 2)
)

select * from cleaned
  );
[0m22:16:32.284063 [debug] [Thread-4 (]: On model.red_pandas_project.stg_products: /* {"app": "dbt", "dbt_version": "1.11.2", "profile_name": "red_pandas_project", "target_name": "dev", "node_id": "model.red_pandas_project.stg_products"} */

  create view "postgres"."public_staging"."stg_products__dbt_tmp"
    
    
  as (
    

with source as (
    select * from "postgres"."public_raw"."products"
),

cleaned as (
    select
        product_id::int             as product_id,
        trim(product_name)          as product_name,
        price::numeric(10,2)        as price,
        trim(category)              as category
    from source
)

select * from cleaned
  );
[0m22:16:32.284306 [debug] [Thread-1 (]: Opening a new connection, currently in state closed
[0m22:16:32.284666 [debug] [Thread-2 (]: Opening a new connection, currently in state closed
[0m22:16:32.284896 [debug] [Thread-4 (]: Opening a new connection, currently in state init
[0m22:16:32.321954 [debug] [Thread-1 (]: Postgres adapter: Postgres error: cross-database references are not implemented: "eccom_db.staging.customer"
LINE 10:     select * from "eccom_db"."staging"."customer"
                           ^

[0m22:16:32.322386 [debug] [Thread-1 (]: On model.red_pandas_project.customer: ROLLBACK
[0m22:16:32.323378 [debug] [Thread-4 (]: Postgres adapter: Postgres error: relation "public_raw.products" does not exist
LINE 10:     select * from "postgres"."public_raw"."products"
                           ^

[0m22:16:32.323639 [debug] [Thread-3 (]: Postgres adapter: Postgres error: cross-database references are not implemented: "eccom_db.staging.orders"
LINE 10:     select * from "eccom_db"."staging"."orders"
                           ^

[0m22:16:32.323898 [debug] [Thread-4 (]: On model.red_pandas_project.stg_products: ROLLBACK
[0m22:16:32.324158 [debug] [Thread-3 (]: On model.red_pandas_project.stg_orders: ROLLBACK
[0m22:16:32.324364 [debug] [Thread-2 (]: Postgres adapter: Postgres error: cross-database references are not implemented: "eccom_db.staging.customer"
LINE 10:     select * from "eccom_db"."staging"."customer"
                           ^

[0m22:16:32.324814 [debug] [Thread-1 (]: On model.red_pandas_project.customer: Close
[0m22:16:32.325262 [debug] [Thread-2 (]: On model.red_pandas_project.stg_customer: ROLLBACK
[0m22:16:32.325719 [debug] [Thread-3 (]: On model.red_pandas_project.stg_orders: Close
[0m22:16:32.326072 [debug] [Thread-4 (]: On model.red_pandas_project.stg_products: Close
[0m22:16:32.328260 [debug] [Thread-2 (]: On model.red_pandas_project.stg_customer: Close
[0m22:16:32.336224 [debug] [Thread-2 (]: Database Error in model stg_customer (models/staging/stg_customer.sql)
  cross-database references are not implemented: "eccom_db.staging.customer"
  LINE 10:     select * from "eccom_db"."staging"."customer"
                             ^
  compiled code at target/run/red_pandas_project/models/staging/stg_customer.sql
[0m22:16:32.337217 [debug] [Thread-3 (]: Database Error in model stg_orders (models/staging/stg_orders.sql)
  cross-database references are not implemented: "eccom_db.staging.orders"
  LINE 10:     select * from "eccom_db"."staging"."orders"
                             ^
  compiled code at target/run/red_pandas_project/models/staging/stg_orders.sql
[0m22:16:32.338145 [debug] [Thread-1 (]: Database Error in model customer (models/staging/customer.sql)
  cross-database references are not implemented: "eccom_db.staging.customer"
  LINE 10:     select * from "eccom_db"."staging"."customer"
                             ^
  compiled code at target/run/red_pandas_project/models/staging/customer.sql
[0m22:16:32.339017 [debug] [Thread-4 (]: Database Error in model stg_products (models/staging/stg_products.sql)
  relation "public_raw.products" does not exist
  LINE 10:     select * from "postgres"."public_raw"."products"
                             ^
  compiled code at target/run/red_pandas_project/models/staging/stg_products.sql
[0m22:16:32.340614 [debug] [Thread-2 (]: Sending event: {'category': 'dbt', 'action': 'run_model', 'label': '8bf69a5d-d5ef-4712-8be1-d4202fb7b01f', 'context': [<snowplow_tracker.self_describing_json.SelfDescribingJson object at 0x106121f70>]}
[0m22:16:32.340949 [debug] [Thread-3 (]: Sending event: {'category': 'dbt', 'action': 'run_model', 'label': '8bf69a5d-d5ef-4712-8be1-d4202fb7b01f', 'context': [<snowplow_tracker.self_describing_json.SelfDescribingJson object at 0x110acec30>]}
[0m22:16:32.341271 [debug] [Thread-1 (]: Sending event: {'category': 'dbt', 'action': 'run_model', 'label': '8bf69a5d-d5ef-4712-8be1-d4202fb7b01f', 'context': [<snowplow_tracker.self_describing_json.SelfDescribingJson object at 0x110ace390>]}
[0m22:16:32.341834 [debug] [Thread-4 (]: Sending event: {'category': 'dbt', 'action': 'run_model', 'label': '8bf69a5d-d5ef-4712-8be1-d4202fb7b01f', 'context': [<snowplow_tracker.self_describing_json.SelfDescribingJson object at 0x110ace9f0>]}
[0m22:16:32.341647 [error] [Thread-2 (]: 2 of 5 ERROR creating sql view model public_staging.stg_customer ............... [[31mERROR[0m in 0.15s]
[0m22:16:32.342378 [error] [Thread-3 (]: 3 of 5 ERROR creating sql view model public_staging.stg_orders ................. [[31mERROR[0m in 0.15s]
[0m22:16:32.342858 [error] [Thread-1 (]: 1 of 5 ERROR creating sql view model public_staging.customer ................... [[31mERROR[0m in 0.15s]
[0m22:16:32.343434 [error] [Thread-4 (]: 4 of 5 ERROR creating sql view model public_staging.stg_products ............... [[31mERROR[0m in 0.15s]
[0m22:16:32.343914 [debug] [Thread-2 (]: Finished running node model.red_pandas_project.stg_customer
[0m22:16:32.344296 [debug] [Thread-3 (]: Finished running node model.red_pandas_project.stg_orders
[0m22:16:32.344767 [debug] [Thread-1 (]: Finished running node model.red_pandas_project.customer
[0m22:16:32.345166 [debug] [Thread-4 (]: Finished running node model.red_pandas_project.stg_products
[0m22:16:32.345535 [debug] [Thread-7 (]: Marking all children of 'model.red_pandas_project.stg_customer' to be skipped because of status 'error'.  Reason: Database Error in model stg_customer (models/staging/stg_customer.sql)
  cross-database references are not implemented: "eccom_db.staging.customer"
  LINE 10:     select * from "eccom_db"."staging"."customer"
                             ^
  compiled code at target/run/red_pandas_project/models/staging/stg_customer.sql.
[0m22:16:32.346399 [debug] [Thread-7 (]: Marking all children of 'model.red_pandas_project.stg_orders' to be skipped because of status 'error'.  Reason: Database Error in model stg_orders (models/staging/stg_orders.sql)
  cross-database references are not implemented: "eccom_db.staging.orders"
  LINE 10:     select * from "eccom_db"."staging"."orders"
                             ^
  compiled code at target/run/red_pandas_project/models/staging/stg_orders.sql.
[0m22:16:32.346760 [debug] [Thread-7 (]: Marking all children of 'model.red_pandas_project.customer' to be skipped because of status 'error'.  Reason: Database Error in model customer (models/staging/customer.sql)
  cross-database references are not implemented: "eccom_db.staging.customer"
  LINE 10:     select * from "eccom_db"."staging"."customer"
                             ^
  compiled code at target/run/red_pandas_project/models/staging/customer.sql.
[0m22:16:32.347045 [debug] [Thread-7 (]: Marking all children of 'model.red_pandas_project.stg_products' to be skipped because of status 'error'.  Reason: Database Error in model stg_products (models/staging/stg_products.sql)
  relation "public_raw.products" does not exist
  LINE 10:     select * from "postgres"."public_raw"."products"
                             ^
  compiled code at target/run/red_pandas_project/models/staging/stg_products.sql.
[0m22:16:32.347558 [debug] [Thread-2 (]: Began running node model.red_pandas_project.stg_order_lines
[0m22:16:32.347942 [info ] [Thread-2 (]: 5 of 5 SKIP relation public_staging.stg_order_lines ............................ [[33mSKIP[0m]
[0m22:16:32.348354 [debug] [Thread-2 (]: Finished running node model.red_pandas_project.stg_order_lines
[0m22:16:32.349105 [debug] [MainThread]: On master: COMMIT
[0m22:16:32.349352 [debug] [MainThread]: Using postgres connection "master"
[0m22:16:32.349531 [debug] [MainThread]: On master: COMMIT
[0m22:16:32.349702 [debug] [MainThread]: Opening a new connection, currently in state closed
[0m22:16:32.375154 [debug] [MainThread]: SQL status: COMMIT in 0.025 seconds
[0m22:16:32.375602 [debug] [MainThread]: On master: Close
[0m22:16:32.376129 [debug] [MainThread]: Connection 'master' was properly closed.
[0m22:16:32.376470 [debug] [MainThread]: Connection 'model.red_pandas_project.customer' was properly closed.
[0m22:16:32.376660 [debug] [MainThread]: Connection 'model.red_pandas_project.stg_customer' was properly closed.
[0m22:16:32.376836 [debug] [MainThread]: Connection 'model.red_pandas_project.stg_orders' was properly closed.
[0m22:16:32.377010 [debug] [MainThread]: Connection 'model.red_pandas_project.stg_products' was properly closed.
[0m22:16:32.377268 [info ] [MainThread]: 
[0m22:16:32.377491 [info ] [MainThread]: Finished running 5 view models in 0 hours 0 minutes and 0.39 seconds (0.39s).
[0m22:16:32.378152 [debug] [MainThread]: Command end result
[0m22:16:32.399215 [debug] [MainThread]: Wrote artifact WritableManifest to /Users/brendanwallace-nash/Documents/red_pandas_project/dbt/dbt/target/manifest.json
[0m22:16:32.400769 [debug] [MainThread]: Wrote artifact SemanticManifest to /Users/brendanwallace-nash/Documents/red_pandas_project/dbt/dbt/target/semantic_manifest.json
[0m22:16:32.404960 [debug] [MainThread]: Wrote artifact RunExecutionResult to /Users/brendanwallace-nash/Documents/red_pandas_project/dbt/dbt/target/run_results.json
[0m22:16:32.405285 [info ] [MainThread]: 
[0m22:16:32.405542 [info ] [MainThread]: [31mCompleted with 4 errors, 0 partial successes, and 0 warnings:[0m
[0m22:16:32.405754 [info ] [MainThread]: 
[0m22:16:32.405990 [error] [MainThread]: [31mFailure in model stg_customer (models/staging/stg_customer.sql)[0m
[0m22:16:32.406220 [error] [MainThread]:   Database Error in model stg_customer (models/staging/stg_customer.sql)
  cross-database references are not implemented: "eccom_db.staging.customer"
  LINE 10:     select * from "eccom_db"."staging"."customer"
                             ^
  compiled code at target/run/red_pandas_project/models/staging/stg_customer.sql
[0m22:16:32.406399 [info ] [MainThread]: 
[0m22:16:32.406602 [info ] [MainThread]:   compiled code at target/compiled/red_pandas_project/models/staging/stg_customer.sql
[0m22:16:32.406781 [info ] [MainThread]: 
[0m22:16:32.407600 [error] [MainThread]: [31mFailure in model stg_orders (models/staging/stg_orders.sql)[0m
[0m22:16:32.407902 [error] [MainThread]:   Database Error in model stg_orders (models/staging/stg_orders.sql)
  cross-database references are not implemented: "eccom_db.staging.orders"
  LINE 10:     select * from "eccom_db"."staging"."orders"
                             ^
  compiled code at target/run/red_pandas_project/models/staging/stg_orders.sql
[0m22:16:32.408149 [info ] [MainThread]: 
[0m22:16:32.408382 [info ] [MainThread]:   compiled code at target/compiled/red_pandas_project/models/staging/stg_orders.sql
[0m22:16:32.408573 [info ] [MainThread]: 
[0m22:16:32.408787 [error] [MainThread]: [31mFailure in model customer (models/staging/customer.sql)[0m
[0m22:16:32.409005 [error] [MainThread]:   Database Error in model customer (models/staging/customer.sql)
  cross-database references are not implemented: "eccom_db.staging.customer"
  LINE 10:     select * from "eccom_db"."staging"."customer"
                             ^
  compiled code at target/run/red_pandas_project/models/staging/customer.sql
[0m22:16:32.409181 [info ] [MainThread]: 
[0m22:16:32.409385 [info ] [MainThread]:   compiled code at target/compiled/red_pandas_project/models/staging/customer.sql
[0m22:16:32.409596 [info ] [MainThread]: 
[0m22:16:32.409817 [error] [MainThread]: [31mFailure in model stg_products (models/staging/stg_products.sql)[0m
[0m22:16:32.410044 [error] [MainThread]:   Database Error in model stg_products (models/staging/stg_products.sql)
  relation "public_raw.products" does not exist
  LINE 10:     select * from "postgres"."public_raw"."products"
                             ^
  compiled code at target/run/red_pandas_project/models/staging/stg_products.sql
[0m22:16:32.410220 [info ] [MainThread]: 
[0m22:16:32.410417 [info ] [MainThread]:   compiled code at target/compiled/red_pandas_project/models/staging/stg_products.sql
[0m22:16:32.410583 [info ] [MainThread]: 
[0m22:16:32.410810 [info ] [MainThread]: Done. PASS=0 WARN=0 ERROR=4 SKIP=1 NO-OP=0 TOTAL=5
[0m22:16:32.411243 [warn ] [MainThread]: [[33mWARNING[0m][DeprecationsSummary]: Deprecated functionality
Summary of encountered deprecations:
- MissingArgumentsPropertyInGenericTestDeprecation: 4 occurrences
To see all deprecation instances instead of just the first occurrence of each,
run command again with the `--show-all-deprecations` flag. You may also need to
run with `--no-partial-parse` as some deprecations are only encountered during
parsing.
[0m22:16:32.413571 [debug] [MainThread]: Resource report: {"command_name": "run", "command_success": false, "command_wall_clock_time": 1.8088723, "process_in_blocks": "0", "process_kernel_time": 0.358297, "process_mem_max_rss": "152322048", "process_out_blocks": "0", "process_user_time": 2.414039}
[0m22:16:32.413954 [debug] [MainThread]: Command `dbt run` failed at 22:16:32.413895 after 1.81 seconds
[0m22:16:32.414286 [debug] [MainThread]: Sending event: {'category': 'dbt', 'action': 'invocation', 'label': 'end', 'context': [<snowplow_tracker.self_describing_json.SelfDescribingJson object at 0x110afc470>, <snowplow_tracker.self_describing_json.SelfDescribingJson object at 0x110afc170>, <snowplow_tracker.self_describing_json.SelfDescribingJson object at 0x110afc4a0>]}
[0m22:16:32.414545 [debug] [MainThread]: Flushing usage events
[0m22:16:33.683577 [debug] [MainThread]: An error was encountered while trying to flush usage events
[0m22:19:50.900739 [debug] [MainThread]: Sending event: {'category': 'dbt', 'action': 'invocation', 'label': 'start', 'context': [<snowplow_tracker.self_describing_json.SelfDescribingJson object at 0x1063052b0>, <snowplow_tracker.self_describing_json.SelfDescribingJson object at 0x106d5fda0>, <snowplow_tracker.self_describing_json.SelfDescribingJson object at 0x106d5ffe0>]}


============================== 22:19:50.904704 | e3139a50-71b5-49da-9ef0-14af41a10d63 ==============================
[0m22:19:50.904704 [info ] [MainThread]: Running with dbt=1.11.2
[0m22:19:50.905293 [debug] [MainThread]: running dbt with arguments {'partial_parse': 'True', 'send_anonymous_usage_stats': 'True', 'debug': 'False', 'use_experimental_parser': 'False', 'cache_selected_only': 'False', 'use_colors': 'True', 'log_format': 'default', 'log_path': '/Users/brendanwallace-nash/Documents/red_pandas_project/dbt/dbt/logs', 'invocation_command': 'dbt run', 'warn_error': 'None', 'warn_error_options': 'WarnErrorOptionsV2(error=[], warn=[], silence=[])', 'quiet': 'False', 'version_check': 'True', 'empty': 'False', 'profiles_dir': '/Users/brendanwallace-nash/Documents/red_pandas_project/dbt/dbt', 'static_parser': 'True', 'fail_fast': 'False', 'log_cache_events': 'False', 'target_path': 'None', 'indirect_selection': 'eager', 'no_print': 'None', 'printer_width': '80', 'write_json': 'True', 'introspect': 'True'}
[0m22:19:51.025071 [debug] [MainThread]: Sending event: {'category': 'dbt', 'action': 'project_id', 'label': 'e3139a50-71b5-49da-9ef0-14af41a10d63', 'context': [<snowplow_tracker.self_describing_json.SelfDescribingJson object at 0x10709c2f0>]}
[0m22:19:51.065338 [debug] [MainThread]: Sending event: {'category': 'dbt', 'action': 'adapter_info', 'label': 'e3139a50-71b5-49da-9ef0-14af41a10d63', 'context': [<snowplow_tracker.self_describing_json.SelfDescribingJson object at 0x10601cda0>]}
[0m22:19:51.066034 [info ] [MainThread]: Registered adapter: postgres=1.10.0
[0m22:19:51.141393 [debug] [MainThread]: checksum: 3d40d8bbe1bef07db1c24822f2dbfff8bc07f2a48ed4fe2658a40653aec0b54b, vars: {}, profile: , target: , version: 1.11.2
[0m22:19:51.226637 [error] [MainThread]: Encountered an error:
Parsing Error
  Error reading red_pandas_project: staging/source.yml - Runtime Error
    Syntax error near line 70
    ------------------------------
    67 |                   to: source('raw', 'customer')
    68 |                   field: id
    69 |           - name: order_products
    70 |             description: JSON dict of product name to unit price e.g. {"Mason Margiela Tabi Boots": 1500.0}
    71 |           - name: order_quantity
    72 |             description: JSON dict of product name to quantity e.g. {"Mason Margiela Tabi Boots": 2}
    73 | 
    
    Raw Error:
    ------------------------------
    mapping values are not allowed in this context
      in "<unicode string>", line 70, column 99
[0m22:19:51.228991 [debug] [MainThread]: Resource report: {"command_name": "run", "command_success": false, "command_wall_clock_time": 0.3794344, "process_in_blocks": "0", "process_kernel_time": 0.219437, "process_mem_max_rss": "126074880", "process_out_blocks": "0", "process_user_time": 1.190596}
[0m22:19:51.229388 [debug] [MainThread]: Command `dbt run` failed at 22:19:51.229317 after 0.38 seconds
[0m22:19:51.229696 [debug] [MainThread]: Sending event: {'category': 'dbt', 'action': 'invocation', 'label': 'end', 'context': [<snowplow_tracker.self_describing_json.SelfDescribingJson object at 0x106d5fef0>, <snowplow_tracker.self_describing_json.SelfDescribingJson object at 0x10709f650>, <snowplow_tracker.self_describing_json.SelfDescribingJson object at 0x107230d10>]}
[0m22:19:51.229953 [debug] [MainThread]: Flushing usage events
[0m22:19:52.438983 [debug] [MainThread]: An error was encountered while trying to flush usage events
[0m22:21:25.310424 [debug] [MainThread]: Sending event: {'category': 'dbt', 'action': 'invocation', 'label': 'start', 'context': [<snowplow_tracker.self_describing_json.SelfDescribingJson object at 0x1078e7620>, <snowplow_tracker.self_describing_json.SelfDescribingJson object at 0x10802fc20>, <snowplow_tracker.self_describing_json.SelfDescribingJson object at 0x1080640e0>]}


============================== 22:21:25.313982 | 005e86c9-1d81-4953-b8e2-10ceb8d9ecdc ==============================
[0m22:21:25.313982 [info ] [MainThread]: Running with dbt=1.11.2
[0m22:21:25.314399 [debug] [MainThread]: running dbt with arguments {'cache_selected_only': 'False', 'log_path': '/Users/brendanwallace-nash/Documents/red_pandas_project/dbt/dbt/logs', 'target_path': 'None', 'use_experimental_parser': 'False', 'empty': 'False', 'debug': 'False', 'log_cache_events': 'False', 'use_colors': 'True', 'warn_error': 'None', 'fail_fast': 'False', 'introspect': 'True', 'quiet': 'False', 'static_parser': 'True', 'partial_parse': 'True', 'log_format': 'default', 'invocation_command': 'dbt run', 'no_print': 'None', 'printer_width': '80', 'profiles_dir': '/Users/brendanwallace-nash/Documents/red_pandas_project/dbt/dbt', 'write_json': 'True', 'send_anonymous_usage_stats': 'True', 'indirect_selection': 'eager', 'warn_error_options': 'WarnErrorOptionsV2(error=[], warn=[], silence=[])', 'version_check': 'True'}
[0m22:21:25.426180 [debug] [MainThread]: Sending event: {'category': 'dbt', 'action': 'project_id', 'label': '005e86c9-1d81-4953-b8e2-10ceb8d9ecdc', 'context': [<snowplow_tracker.self_describing_json.SelfDescribingJson object at 0x1084687d0>]}
[0m22:21:25.463728 [debug] [MainThread]: Sending event: {'category': 'dbt', 'action': 'adapter_info', 'label': '005e86c9-1d81-4953-b8e2-10ceb8d9ecdc', 'context': [<snowplow_tracker.self_describing_json.SelfDescribingJson object at 0x107f2c740>]}
[0m22:21:25.464332 [info ] [MainThread]: Registered adapter: postgres=1.10.0
[0m22:21:25.535679 [debug] [MainThread]: checksum: 3d40d8bbe1bef07db1c24822f2dbfff8bc07f2a48ed4fe2658a40653aec0b54b, vars: {}, profile: , target: , version: 1.11.2
[0m22:21:25.630147 [debug] [MainThread]: Partial parsing enabled: 1 files deleted, 0 files added, 2 files changed.
[0m22:21:25.630792 [debug] [MainThread]: Partial parsing: updated file: red_pandas_project://models/staging/source.yml
[0m22:21:25.631275 [debug] [MainThread]: Partial parsing: updated file: red_pandas_project://models/staging/stg_orders.sql
[0m22:21:25.631568 [debug] [MainThread]: Partial parsing: updated file: red_pandas_project://models/staging/schema.yml
[0m22:21:25.631760 [debug] [MainThread]: Partial parsing: deleted file: red_pandas_project://models/staging/customer.sql
[0m22:21:25.868196 [error] [MainThread]: Encountered an error:
Parsing Error
  Invalid test config given in models/staging/source.yml:
  	test definition dictionary must have exactly one key, got [('accepted_values', {'values': ['AL', 'AK', 'AZ', 'AR', 'CA', 'CO', 'CT', 'DE', 'FL', 'GA', 'HI', 'ID', 'IL', 'IN', 'IA', 'KS', 'KY', 'LA', 'ME', 'MD', 'MA', 'MI', 'MN', 'MS', 'MO', 'MT', 'NE', 'NV', 'NH', 'NJ', 'NM', 'NY', 'NC', 'ND', 'OH', 'OK', 'OR', 'PA', 'RI', 'SC', 'SD', 'TN', 'TX', 'UT', 'VT', 'VA', 'WA', 'WV', 'WI', 'WY', 'DC']}), ('config', {'severity': 'warn'})] instead (2 keys)
  	@: UnparsedModelUpdate(original_file_path='mode...ne)
[0m22:21:25.871060 [debug] [MainThread]: Resource report: {"command_name": "run", "command_success": false, "command_wall_clock_time": 0.6080749, "process_in_blocks": "0", "process_kernel_time": 0.240193, "process_mem_max_rss": "131203072", "process_out_blocks": "0", "process_user_time": 1.422909}
[0m22:21:25.871500 [debug] [MainThread]: Command `dbt run` failed at 22:21:25.871417 after 0.61 seconds
[0m22:21:25.871815 [debug] [MainThread]: Sending event: {'category': 'dbt', 'action': 'invocation', 'label': 'end', 'context': [<snowplow_tracker.self_describing_json.SelfDescribingJson object at 0x10802fd40>, <snowplow_tracker.self_describing_json.SelfDescribingJson object at 0x1098ba2d0>, <snowplow_tracker.self_describing_json.SelfDescribingJson object at 0x10998fb30>]}
[0m22:21:25.872309 [debug] [MainThread]: Flushing usage events
[0m22:21:26.956554 [debug] [MainThread]: An error was encountered while trying to flush usage events
[0m22:24:50.782957 [debug] [MainThread]: Sending event: {'category': 'dbt', 'action': 'invocation', 'label': 'start', 'context': [<snowplow_tracker.self_describing_json.SelfDescribingJson object at 0x1036cd460>, <snowplow_tracker.self_describing_json.SelfDescribingJson object at 0x105fe28a0>, <snowplow_tracker.self_describing_json.SelfDescribingJson object at 0x1073640b0>]}


============================== 22:24:53.089471 | 2b6ee0b9-15e4-4898-86f6-7764e6bba671 ==============================
[0m22:24:53.089471 [info ] [MainThread]: Running with dbt=1.11.2
[0m22:24:53.092251 [debug] [MainThread]: running dbt with arguments {'no_print': 'None', 'target_path': 'None', 'log_cache_events': 'False', 'log_path': '/Users/brendanwallace-nash/Documents/red_pandas_project/dbt/dbt/logs', 'quiet': 'False', 'debug': 'False', 'log_format': 'default', 'fail_fast': 'False', 'version_check': 'True', 'partial_parse': 'True', 'empty': 'False', 'warn_error': 'None', 'printer_width': '80', 'warn_error_options': 'WarnErrorOptionsV2(error=[], warn=[], silence=[])', 'use_colors': 'True', 'write_json': 'True', 'use_experimental_parser': 'False', 'static_parser': 'True', 'indirect_selection': 'eager', 'cache_selected_only': 'False', 'invocation_command': 'dbt run', 'profiles_dir': '/Users/brendanwallace-nash/Documents/red_pandas_project/dbt/dbt', 'introspect': 'True', 'send_anonymous_usage_stats': 'True'}
[0m22:24:53.218574 [debug] [MainThread]: Sending event: {'category': 'dbt', 'action': 'project_id', 'label': '2b6ee0b9-15e4-4898-86f6-7764e6bba671', 'context': [<snowplow_tracker.self_describing_json.SelfDescribingJson object at 0x1039d1dc0>]}
[0m22:24:53.258986 [debug] [MainThread]: Sending event: {'category': 'dbt', 'action': 'adapter_info', 'label': '2b6ee0b9-15e4-4898-86f6-7764e6bba671', 'context': [<snowplow_tracker.self_describing_json.SelfDescribingJson object at 0x107364470>]}
[0m22:24:53.259681 [info ] [MainThread]: Registered adapter: postgres=1.10.0
[0m22:24:53.331303 [debug] [MainThread]: checksum: 3d40d8bbe1bef07db1c24822f2dbfff8bc07f2a48ed4fe2658a40653aec0b54b, vars: {}, profile: , target: , version: 1.11.2
[0m22:25:03.134477 [debug] [MainThread]: Partial parsing enabled: 1 files deleted, 0 files added, 2 files changed.
[0m22:25:03.135180 [debug] [MainThread]: Partial parsing: updated file: red_pandas_project://models/staging/source.yml
[0m22:25:03.135677 [debug] [MainThread]: Partial parsing: updated file: red_pandas_project://models/staging/stg_orders.sql
[0m22:25:03.136064 [debug] [MainThread]: Partial parsing: updated file: red_pandas_project://models/staging/schema.yml
[0m22:25:03.136338 [debug] [MainThread]: Partial parsing: deleted file: red_pandas_project://models/staging/customer.sql
[0m22:25:03.366483 [error] [MainThread]: Encountered an error:
Parsing Error
  Invalid test config given in models/staging/source.yml:
  	test definition dictionary must have exactly one key, got [('accepted_values', {'values': ['AL', 'AK', 'AZ', 'AR', 'CA', 'CO', 'CT', 'DE', 'FL', 'GA', 'HI', 'ID', 'IL', 'IN', 'IA', 'KS', 'KY', 'LA', 'ME', 'MD', 'MA', 'MI', 'MN', 'MS', 'MO', 'MT', 'NE', 'NV', 'NH', 'NJ', 'NM', 'NY', 'NC', 'ND', 'OH', 'OK', 'OR', 'PA', 'RI', 'SC', 'SD', 'TN', 'TX', 'UT', 'VT', 'VA', 'WA', 'WV', 'WI', 'WY', 'DC']}), ('config', {'severity': 'warn'})] instead (2 keys)
  	@: UnparsedModelUpdate(original_file_path='mode...ne)
[0m22:25:03.368903 [debug] [MainThread]: Resource report: {"command_name": "run", "command_success": false, "command_wall_clock_time": 17.625034, "process_in_blocks": "0", "process_kernel_time": 0.256669, "process_mem_max_rss": "130777088", "process_out_blocks": "0", "process_user_time": 1.438753}
[0m22:25:03.369379 [debug] [MainThread]: Command `dbt run` failed at 22:25:03.369277 after 17.63 seconds
[0m22:25:03.369727 [debug] [MainThread]: Sending event: {'category': 'dbt', 'action': 'invocation', 'label': 'end', 'context': [<snowplow_tracker.self_describing_json.SelfDescribingJson object at 0x10732fdd0>, <snowplow_tracker.self_describing_json.SelfDescribingJson object at 0x1195d6e10>, <snowplow_tracker.self_describing_json.SelfDescribingJson object at 0x1195d6d50>]}
[0m22:25:03.369996 [debug] [MainThread]: Flushing usage events
[0m22:25:04.375893 [debug] [MainThread]: An error was encountered while trying to flush usage events
[0m22:27:05.857225 [debug] [MainThread]: Sending event: {'category': 'dbt', 'action': 'invocation', 'label': 'start', 'context': [<snowplow_tracker.self_describing_json.SelfDescribingJson object at 0x103545c10>, <snowplow_tracker.self_describing_json.SelfDescribingJson object at 0x1057c4620>, <snowplow_tracker.self_describing_json.SelfDescribingJson object at 0x1057c4140>]}


============================== 22:27:05.860895 | 3341eed0-48c1-46c7-96a2-80dbda9f4118 ==============================
[0m22:27:05.860895 [info ] [MainThread]: Running with dbt=1.11.2
[0m22:27:05.861375 [debug] [MainThread]: running dbt with arguments {'invocation_command': 'dbt run', 'warn_error_options': 'WarnErrorOptionsV2(error=[], warn=[], silence=[])', 'debug': 'False', 'use_experimental_parser': 'False', 'introspect': 'True', 'empty': 'False', 'indirect_selection': 'eager', 'write_json': 'True', 'send_anonymous_usage_stats': 'True', 'cache_selected_only': 'False', 'partial_parse': 'True', 'fail_fast': 'False', 'target_path': 'None', 'static_parser': 'True', 'use_colors': 'True', 'no_print': 'None', 'version_check': 'True', 'log_cache_events': 'False', 'log_format': 'default', 'quiet': 'False', 'profiles_dir': '/Users/brendanwallace-nash/Documents/red_pandas_project/dbt/dbt', 'log_path': '/Users/brendanwallace-nash/Documents/red_pandas_project/dbt/dbt/logs', 'printer_width': '80', 'warn_error': 'None'}
[0m22:27:05.975668 [debug] [MainThread]: Sending event: {'category': 'dbt', 'action': 'project_id', 'label': '3341eed0-48c1-46c7-96a2-80dbda9f4118', 'context': [<snowplow_tracker.self_describing_json.SelfDescribingJson object at 0x103341790>]}
[0m22:27:06.014009 [debug] [MainThread]: Sending event: {'category': 'dbt', 'action': 'adapter_info', 'label': '3341eed0-48c1-46c7-96a2-80dbda9f4118', 'context': [<snowplow_tracker.self_describing_json.SelfDescribingJson object at 0x103ca1e20>]}
[0m22:27:06.014628 [info ] [MainThread]: Registered adapter: postgres=1.10.0
[0m22:27:06.087072 [debug] [MainThread]: checksum: 3d40d8bbe1bef07db1c24822f2dbfff8bc07f2a48ed4fe2658a40653aec0b54b, vars: {}, profile: , target: , version: 1.11.2
[0m22:27:06.182685 [debug] [MainThread]: Partial parsing enabled: 1 files deleted, 0 files added, 2 files changed.
[0m22:27:06.183338 [debug] [MainThread]: Partial parsing: updated file: red_pandas_project://models/staging/source.yml
[0m22:27:06.183881 [debug] [MainThread]: Partial parsing: updated file: red_pandas_project://models/staging/stg_orders.sql
[0m22:27:06.184238 [debug] [MainThread]: Partial parsing: updated file: red_pandas_project://models/staging/schema.yml
[0m22:27:06.184457 [debug] [MainThread]: Partial parsing: deleted file: red_pandas_project://models/staging/customer.sql
[0m22:27:06.412702 [error] [MainThread]: Encountered an error:
Parsing Error
  Invalid test config given in models/staging/source.yml:
  	test definition dictionary must have exactly one key, got [('accepted_values', {'values': ['AL', 'AK', 'AZ', 'AR', 'CA', 'CO', 'CT', 'DE', 'FL', 'GA', 'HI', 'ID', 'IL', 'IN', 'IA', 'KS', 'KY', 'LA', 'ME', 'MD', 'MA', 'MI', 'MN', 'MS', 'MO', 'MT', 'NE', 'NV', 'NH', 'NJ', 'NM', 'NY', 'NC', 'ND', 'OH', 'OK', 'OR', 'PA', 'RI', 'SC', 'SD', 'TN', 'TX', 'UT', 'VT', 'VA', 'WA', 'WV', 'WI', 'WY', 'DC']}), ('config', {'severity': 'warn'})] instead (2 keys)
  	@: UnparsedModelUpdate(original_file_path='mode...ne)
[0m22:27:06.415153 [debug] [MainThread]: Resource report: {"command_name": "run", "command_success": false, "command_wall_clock_time": 0.6055513, "process_in_blocks": "0", "process_kernel_time": 0.236901, "process_mem_max_rss": "130170880", "process_out_blocks": "0", "process_user_time": 1.414828}
[0m22:27:06.415554 [debug] [MainThread]: Command `dbt run` failed at 22:27:06.415484 after 0.61 seconds
[0m22:27:06.415843 [debug] [MainThread]: Sending event: {'category': 'dbt', 'action': 'invocation', 'label': 'end', 'context': [<snowplow_tracker.self_describing_json.SelfDescribingJson object at 0x105793aa0>, <snowplow_tracker.self_describing_json.SelfDescribingJson object at 0x1065bfc80>, <snowplow_tracker.self_describing_json.SelfDescribingJson object at 0x1066154c0>]}
[0m22:27:06.416095 [debug] [MainThread]: Flushing usage events
[0m22:27:07.643423 [debug] [MainThread]: An error was encountered while trying to flush usage events
[0m22:27:47.453168 [debug] [MainThread]: Sending event: {'category': 'dbt', 'action': 'invocation', 'label': 'start', 'context': [<snowplow_tracker.self_describing_json.SelfDescribingJson object at 0x1082b9e20>, <snowplow_tracker.self_describing_json.SelfDescribingJson object at 0x10af32540>, <snowplow_tracker.self_describing_json.SelfDescribingJson object at 0x10b133f80>]}


============================== 22:27:47.456644 | fdb5acf8-0e93-4e71-b97b-860a425e9cb2 ==============================
[0m22:27:47.456644 [info ] [MainThread]: Running with dbt=1.11.2
[0m22:27:47.457057 [debug] [MainThread]: running dbt with arguments {'cache_selected_only': 'False', 'indirect_selection': 'eager', 'write_json': 'True', 'debug': 'False', 'use_experimental_parser': 'False', 'log_path': '/Users/brendanwallace-nash/Documents/red_pandas_project/dbt/dbt/logs', 'invocation_command': 'dbt run', 'profiles_dir': '/Users/brendanwallace-nash/Documents/red_pandas_project/dbt/dbt', 'introspect': 'True', 'log_cache_events': 'False', 'use_colors': 'True', 'no_print': 'None', 'send_anonymous_usage_stats': 'True', 'static_parser': 'True', 'partial_parse': 'True', 'fail_fast': 'False', 'version_check': 'True', 'warn_error_options': 'WarnErrorOptionsV2(error=[], warn=[], silence=[])', 'printer_width': '80', 'log_format': 'default', 'target_path': 'None', 'quiet': 'False', 'warn_error': 'None', 'empty': 'False'}
[0m22:27:47.576861 [debug] [MainThread]: Sending event: {'category': 'dbt', 'action': 'project_id', 'label': 'fdb5acf8-0e93-4e71-b97b-860a425e9cb2', 'context': [<snowplow_tracker.self_describing_json.SelfDescribingJson object at 0x10b116360>]}
[0m22:27:47.618292 [debug] [MainThread]: Sending event: {'category': 'dbt', 'action': 'adapter_info', 'label': 'fdb5acf8-0e93-4e71-b97b-860a425e9cb2', 'context': [<snowplow_tracker.self_describing_json.SelfDescribingJson object at 0x10a336840>]}
[0m22:27:47.619080 [info ] [MainThread]: Registered adapter: postgres=1.10.0
[0m22:27:47.693090 [debug] [MainThread]: checksum: 3d40d8bbe1bef07db1c24822f2dbfff8bc07f2a48ed4fe2658a40653aec0b54b, vars: {}, profile: , target: , version: 1.11.2
[0m22:27:47.790580 [debug] [MainThread]: Partial parsing enabled: 1 files deleted, 0 files added, 2 files changed.
[0m22:27:47.791258 [debug] [MainThread]: Partial parsing: updated file: red_pandas_project://models/staging/source.yml
[0m22:27:47.791756 [debug] [MainThread]: Partial parsing: updated file: red_pandas_project://models/staging/stg_orders.sql
[0m22:27:47.792065 [debug] [MainThread]: Partial parsing: updated file: red_pandas_project://models/staging/schema.yml
[0m22:27:47.792262 [debug] [MainThread]: Partial parsing: deleted file: red_pandas_project://models/staging/customer.sql
[0m22:27:48.025789 [warn ] [MainThread]: [[33mWARNING[0m][MissingArgumentsPropertyInGenericTestDeprecation]: Deprecated
functionality
Found top-level arguments to test `relationships` defined on 'stg_orders' in
package 'red_pandas_project' (models/staging/source.yml). Arguments to generic
tests should be nested under the `arguments` property.
[0m22:27:48.026354 [debug] [MainThread]: Sending event: {'category': 'dbt', 'action': 'deprecation', 'label': 'fdb5acf8-0e93-4e71-b97b-860a425e9cb2', 'property_': 'warn', 'context': [<snowplow_tracker.self_describing_json.SelfDescribingJson object at 0x10c2f3f20>]}
[0m22:27:48.108639 [error] [MainThread]: Encountered an error:
Compilation Error
  dbt found two schema.yml entries for the same resource named stg_orders. Resources and their associated columns may only be described a single time. To fix this, remove the resource entry for stg_orders in one of these files:
   - models/staging/schema.yml
  models/staging/source.yml
[0m22:27:48.109349 [warn ] [MainThread]: [[33mWARNING[0m][DeprecationsSummary]: Deprecated functionality
Summary of encountered deprecations:
- MissingArgumentsPropertyInGenericTestDeprecation: 2 occurrences
To see all deprecation instances instead of just the first occurrence of each,
run command again with the `--show-all-deprecations` flag. You may also need to
run with `--no-partial-parse` as some deprecations are only encountered during
parsing.
[0m22:27:48.113118 [debug] [MainThread]: Resource report: {"command_name": "run", "command_success": false, "command_wall_clock_time": 0.70857346, "process_in_blocks": "0", "process_kernel_time": 0.257343, "process_mem_max_rss": "133201920", "process_out_blocks": "0", "process_user_time": 1.512553}
[0m22:27:48.113706 [debug] [MainThread]: Command `dbt run` failed at 22:27:48.113627 after 0.71 seconds
[0m22:27:48.114038 [debug] [MainThread]: Sending event: {'category': 'dbt', 'action': 'invocation', 'label': 'end', 'context': [<snowplow_tracker.self_describing_json.SelfDescribingJson object at 0x1082b9e20>, <snowplow_tracker.self_describing_json.SelfDescribingJson object at 0x10c0a94c0>, <snowplow_tracker.self_describing_json.SelfDescribingJson object at 0x10c218fe0>]}
[0m22:27:48.114339 [debug] [MainThread]: Flushing usage events
[0m22:27:49.217193 [debug] [MainThread]: An error was encountered while trying to flush usage events
[0m22:29:15.470873 [debug] [MainThread]: Sending event: {'category': 'dbt', 'action': 'invocation', 'label': 'start', 'context': [<snowplow_tracker.self_describing_json.SelfDescribingJson object at 0x10526da60>, <snowplow_tracker.self_describing_json.SelfDescribingJson object at 0x105883fb0>, <snowplow_tracker.self_describing_json.SelfDescribingJson object at 0x105883da0>]}


============================== 22:29:15.474854 | e408884c-63ea-4d8c-aecc-f2c629fc882a ==============================
[0m22:29:15.474854 [info ] [MainThread]: Running with dbt=1.11.2
[0m22:29:15.475297 [debug] [MainThread]: running dbt with arguments {'partial_parse': 'True', 'quiet': 'False', 'log_path': '/Users/brendanwallace-nash/Documents/red_pandas_project/dbt/dbt/logs', 'use_experimental_parser': 'False', 'indirect_selection': 'eager', 'warn_error_options': 'WarnErrorOptionsV2(error=[], warn=[], silence=[])', 'empty': 'False', 'fail_fast': 'False', 'write_json': 'True', 'log_format': 'default', 'debug': 'False', 'invocation_command': 'dbt run', 'send_anonymous_usage_stats': 'True', 'log_cache_events': 'False', 'static_parser': 'True', 'use_colors': 'True', 'version_check': 'True', 'profiles_dir': '/Users/brendanwallace-nash/Documents/red_pandas_project/dbt/dbt', 'warn_error': 'None', 'target_path': 'None', 'cache_selected_only': 'False', 'no_print': 'None', 'printer_width': '80', 'introspect': 'True'}
[0m22:29:15.592030 [debug] [MainThread]: Sending event: {'category': 'dbt', 'action': 'project_id', 'label': 'e408884c-63ea-4d8c-aecc-f2c629fc882a', 'context': [<snowplow_tracker.self_describing_json.SelfDescribingJson object at 0x103ffa420>]}
[0m22:29:15.631806 [debug] [MainThread]: Sending event: {'category': 'dbt', 'action': 'adapter_info', 'label': 'e408884c-63ea-4d8c-aecc-f2c629fc882a', 'context': [<snowplow_tracker.self_describing_json.SelfDescribingJson object at 0x1058c4950>]}
[0m22:29:15.632692 [info ] [MainThread]: Registered adapter: postgres=1.10.0
[0m22:29:15.711761 [debug] [MainThread]: checksum: 3d40d8bbe1bef07db1c24822f2dbfff8bc07f2a48ed4fe2658a40653aec0b54b, vars: {}, profile: , target: , version: 1.11.2
[0m22:29:15.818613 [debug] [MainThread]: Partial parsing enabled: 2 files deleted, 0 files added, 1 files changed.
[0m22:29:15.819339 [debug] [MainThread]: Partial parsing: updated file: red_pandas_project://models/staging/source.yml
[0m22:29:15.819722 [debug] [MainThread]: Partial parsing: updated file: red_pandas_project://models/staging/stg_orders.sql
[0m22:29:15.820017 [debug] [MainThread]: Partial parsing: deleted file: red_pandas_project://models/staging/customer.sql
[0m22:29:16.048038 [warn ] [MainThread]: [[33mWARNING[0m][MissingArgumentsPropertyInGenericTestDeprecation]: Deprecated
functionality
Found top-level arguments to test `accepted_values` defined on 'stg_customer' in
package 'red_pandas_project' (models/staging/source.yml). Arguments to generic
tests should be nested under the `arguments` property.
[0m22:29:16.048707 [debug] [MainThread]: Sending event: {'category': 'dbt', 'action': 'deprecation', 'label': 'e408884c-63ea-4d8c-aecc-f2c629fc882a', 'property_': 'warn', 'context': [<snowplow_tracker.self_describing_json.SelfDescribingJson object at 0x1067f59a0>]}
[0m22:29:16.248525 [warn ] [MainThread]: [[33mWARNING[0m]: Configuration paths exist in your dbt_project.yml file which do not apply to any resources.
There are 2 unused configuration paths:
- models.red_pandas_project.reporting
- models.red_pandas_project.marts
[0m22:29:16.255792 [debug] [MainThread]: Sending event: {'category': 'dbt', 'action': 'load_project', 'label': 'e408884c-63ea-4d8c-aecc-f2c629fc882a', 'context': [<snowplow_tracker.self_describing_json.SelfDescribingJson object at 0x1068a2de0>]}
[0m22:29:18.952232 [debug] [MainThread]: Wrote artifact WritableManifest to /Users/brendanwallace-nash/Documents/red_pandas_project/dbt/dbt/target/manifest.json
[0m22:29:20.527822 [debug] [MainThread]: Wrote artifact SemanticManifest to /Users/brendanwallace-nash/Documents/red_pandas_project/dbt/dbt/target/semantic_manifest.json
[0m22:29:24.239042 [debug] [MainThread]: Sending event: {'category': 'dbt', 'action': 'resource_counts', 'label': 'e408884c-63ea-4d8c-aecc-f2c629fc882a', 'context': [<snowplow_tracker.self_describing_json.SelfDescribingJson object at 0x1067e7500>]}
[0m22:29:24.240717 [info ] [MainThread]: Found 4 models, 1 seed, 29 data tests, 2 sources, 464 macros
[0m22:29:24.241341 [debug] [MainThread]: Sending event: {'category': 'dbt', 'action': 'runnable_timing', 'label': 'e408884c-63ea-4d8c-aecc-f2c629fc882a', 'context': [<snowplow_tracker.self_describing_json.SelfDescribingJson object at 0x10686d640>]}
[0m22:29:24.245571 [info ] [MainThread]: 
[0m22:29:24.246319 [info ] [MainThread]: Concurrency: 4 threads (target='dev')
[0m22:29:24.246784 [info ] [MainThread]: 
[0m22:29:24.247438 [debug] [MainThread]: Acquiring new postgres connection 'master'
[0m22:29:24.252280 [debug] [ThreadPool]: Acquiring new postgres connection 'list_postgres'
[0m22:29:24.304173 [debug] [ThreadPool]: Using postgres connection "list_postgres"
[0m22:29:24.304525 [debug] [ThreadPool]: On list_postgres: /* {"app": "dbt", "dbt_version": "1.11.2", "profile_name": "red_pandas_project", "target_name": "dev", "connection_name": "list_postgres"} */

    select distinct nspname from pg_namespace
  
[0m22:29:24.304736 [debug] [ThreadPool]: Opening a new connection, currently in state init
[0m22:29:24.348982 [debug] [ThreadPool]: SQL status: SELECT 7 in 0.044 seconds
[0m22:29:24.350077 [debug] [ThreadPool]: On list_postgres: Close
[0m22:29:24.351022 [debug] [ThreadPool]: Re-using an available connection from the pool (formerly list_postgres, now list_postgres_public_staging)
[0m22:29:24.351377 [debug] [ThreadPool]: Acquiring new postgres connection 'list_postgres_public_raw'
[0m22:29:24.355156 [debug] [ThreadPool]: Using postgres connection "list_postgres_public_staging"
[0m22:29:24.356415 [debug] [ThreadPool]: Using postgres connection "list_postgres_public_raw"
[0m22:29:24.356671 [debug] [ThreadPool]: On list_postgres_public_staging: /* {"app": "dbt", "dbt_version": "1.11.2", "profile_name": "red_pandas_project", "target_name": "dev", "connection_name": "list_postgres_public_staging"} */
select
      'postgres' as database,
      tablename as name,
      schemaname as schema,
      'table' as type
    from pg_tables
    where schemaname ilike 'public_staging'
    union all
    select
      'postgres' as database,
      viewname as name,
      schemaname as schema,
      'view' as type
    from pg_views
    where schemaname ilike 'public_staging'
    union all
    select
      'postgres' as database,
      matviewname as name,
      schemaname as schema,
      'materialized_view' as type
    from pg_matviews
    where schemaname ilike 'public_staging'
  
[0m22:29:24.356919 [debug] [ThreadPool]: On list_postgres_public_raw: /* {"app": "dbt", "dbt_version": "1.11.2", "profile_name": "red_pandas_project", "target_name": "dev", "connection_name": "list_postgres_public_raw"} */
select
      'postgres' as database,
      tablename as name,
      schemaname as schema,
      'table' as type
    from pg_tables
    where schemaname ilike 'public_raw'
    union all
    select
      'postgres' as database,
      viewname as name,
      schemaname as schema,
      'view' as type
    from pg_views
    where schemaname ilike 'public_raw'
    union all
    select
      'postgres' as database,
      matviewname as name,
      schemaname as schema,
      'materialized_view' as type
    from pg_matviews
    where schemaname ilike 'public_raw'
  
[0m22:29:24.357127 [debug] [ThreadPool]: Opening a new connection, currently in state closed
[0m22:29:24.357351 [debug] [ThreadPool]: Opening a new connection, currently in state init
[0m22:29:24.384442 [debug] [ThreadPool]: SQL status: SELECT 0 in 0.027 seconds
[0m22:29:24.384727 [debug] [ThreadPool]: SQL status: SELECT 0 in 0.028 seconds
[0m22:29:24.385609 [debug] [ThreadPool]: On list_postgres_public_raw: ROLLBACK
[0m22:29:24.386311 [debug] [ThreadPool]: On list_postgres_public_staging: ROLLBACK
[0m22:29:24.387248 [debug] [ThreadPool]: On list_postgres_public_staging: Close
[0m22:29:24.387433 [debug] [ThreadPool]: On list_postgres_public_raw: Close
[0m22:29:24.390408 [debug] [MainThread]: Using postgres connection "master"
[0m22:29:24.390724 [debug] [MainThread]: On master: /* {"app": "dbt", "dbt_version": "1.11.2", "profile_name": "red_pandas_project", "target_name": "dev", "connection_name": "master"} */
select distinct
        dependent_namespace.nspname as dependent_schema,
        dependent_class.relname as dependent_name,
        referenced_namespace.nspname as referenced_schema,
        referenced_class.relname as referenced_name

    -- Query for views: views are entries in pg_class with an entry in pg_rewrite, but we avoid
    -- a seq scan on pg_rewrite by leveraging the fact there is an "internal" row in pg_depend for
    -- the view...
    from pg_class as dependent_class
    join pg_namespace as dependent_namespace on dependent_namespace.oid = dependent_class.relnamespace
    join pg_depend as dependent_depend on dependent_depend.refobjid = dependent_class.oid
        and dependent_depend.classid = 'pg_rewrite'::regclass
        and dependent_depend.refclassid = 'pg_class'::regclass
        and dependent_depend.deptype = 'i'

    -- ... and via pg_depend (that has a row per column, hence the need for "distinct" above, and
    -- making sure to exclude the internal row to avoid a view appearing to depend on itself)...
    join pg_depend as joining_depend on joining_depend.objid = dependent_depend.objid
        and joining_depend.classid = 'pg_rewrite'::regclass
        and joining_depend.refclassid = 'pg_class'::regclass
        and joining_depend.refobjid != dependent_depend.refobjid

    -- ... we can find the tables they query from in pg_class, but excluding system tables. Note we
    -- don't need need to exclude _dependent_ system tables, because they only query from other
    -- system tables, and so are automatically excluded by excluding _referenced_ system tables
    join pg_class as referenced_class on referenced_class.oid = joining_depend.refobjid
    join pg_namespace as referenced_namespace on referenced_namespace.oid = referenced_class.relnamespace
        and referenced_namespace.nspname != 'information_schema'
        and referenced_namespace.nspname not like 'pg\_%'

    order by
        dependent_schema, dependent_name, referenced_schema, referenced_name;
[0m22:29:24.390988 [debug] [MainThread]: Opening a new connection, currently in state init
[0m22:29:24.410840 [debug] [MainThread]: SQL status: SELECT 0 in 0.020 seconds
[0m22:29:24.411798 [debug] [MainThread]: Sending event: {'category': 'dbt', 'action': 'runnable_timing', 'label': 'e408884c-63ea-4d8c-aecc-f2c629fc882a', 'context': [<snowplow_tracker.self_describing_json.SelfDescribingJson object at 0x1066c8b60>]}
[0m22:29:24.412142 [debug] [MainThread]: On master: ROLLBACK
[0m22:29:24.412917 [debug] [MainThread]: On master: COMMIT
[0m22:29:24.413114 [debug] [MainThread]: Using postgres connection "master"
[0m22:29:24.413288 [debug] [MainThread]: On master: COMMIT
[0m22:29:24.414227 [debug] [MainThread]: SQL status: COMMIT in 0.001 seconds
[0m22:29:24.414413 [debug] [MainThread]: On master: Close
[0m22:29:24.416991 [debug] [Thread-1 (]: Began running node model.red_pandas_project.stg_customer
[0m22:29:24.417264 [debug] [Thread-2 (]: Began running node model.red_pandas_project.stg_orders
[0m22:29:24.417526 [debug] [Thread-3 (]: Began running node model.red_pandas_project.stg_products
[0m22:29:24.417849 [info ] [Thread-1 (]: 1 of 4 START sql view model public_staging.stg_customer ........................ [RUN]
[0m22:29:24.418301 [info ] [Thread-2 (]: 2 of 4 START sql view model public_staging.stg_orders .......................... [RUN]
[0m22:29:24.418663 [info ] [Thread-3 (]: 3 of 4 START sql view model public_staging.stg_products ........................ [RUN]
[0m22:29:24.419095 [debug] [Thread-1 (]: Re-using an available connection from the pool (formerly list_postgres_public_staging, now model.red_pandas_project.stg_customer)
[0m22:29:24.419439 [debug] [Thread-2 (]: Re-using an available connection from the pool (formerly list_postgres_public_raw, now model.red_pandas_project.stg_orders)
[0m22:29:24.419749 [debug] [Thread-3 (]: Acquiring new postgres connection 'model.red_pandas_project.stg_products'
[0m22:29:24.420013 [debug] [Thread-1 (]: Began compiling node model.red_pandas_project.stg_customer
[0m22:29:24.420238 [debug] [Thread-2 (]: Began compiling node model.red_pandas_project.stg_orders
[0m22:29:24.420448 [debug] [Thread-3 (]: Began compiling node model.red_pandas_project.stg_products
[0m22:29:24.425304 [debug] [Thread-1 (]: Writing injected SQL for node "model.red_pandas_project.stg_customer"
[0m22:29:24.427123 [debug] [Thread-2 (]: Writing injected SQL for node "model.red_pandas_project.stg_orders"
[0m22:29:24.428779 [debug] [Thread-3 (]: Writing injected SQL for node "model.red_pandas_project.stg_products"
[0m22:29:26.146027 [debug] [Thread-2 (]: Began executing node model.red_pandas_project.stg_orders
[0m22:29:26.175069 [debug] [Thread-2 (]: Writing runtime sql for node "model.red_pandas_project.stg_orders"
[0m22:29:26.213513 [debug] [Thread-3 (]: Began executing node model.red_pandas_project.stg_products
[0m22:29:26.217542 [debug] [Thread-3 (]: Writing runtime sql for node "model.red_pandas_project.stg_products"
[0m22:29:27.598479 [debug] [Thread-1 (]: Began executing node model.red_pandas_project.stg_customer
[0m22:29:27.602391 [debug] [Thread-1 (]: Writing runtime sql for node "model.red_pandas_project.stg_customer"
[0m22:29:28.438442 [debug] [Thread-2 (]: Using postgres connection "model.red_pandas_project.stg_orders"
[0m22:29:28.439529 [debug] [Thread-2 (]: On model.red_pandas_project.stg_orders: /* {"app": "dbt", "dbt_version": "1.11.2", "profile_name": "red_pandas_project", "target_name": "dev", "node_id": "model.red_pandas_project.stg_orders"} */

  create view "postgres"."public_staging"."stg_orders__dbt_tmp"
    
    
  as (
    

with source as (
    select * from "postgres"."public"."orders"
),

cleaned as (
    select
        id                                  as order_id,
        created_date::timestamp             as created_at,
        customer_id,
        order_products::jsonb               as order_products,
        order_quantity::jsonb               as order_quantity
    from source
    where id is not null
)

select * from cleaned
  );
[0m22:29:28.440208 [debug] [Thread-2 (]: Opening a new connection, currently in state closed
[0m22:29:28.467213 [debug] [Thread-2 (]: Postgres adapter: Postgres error: relation "public.orders" does not exist
LINE 10:     select * from "postgres"."public"."orders"
                           ^

[0m22:29:28.468070 [debug] [Thread-2 (]: On model.red_pandas_project.stg_orders: ROLLBACK
[0m22:29:28.469704 [debug] [Thread-2 (]: On model.red_pandas_project.stg_orders: Close
[0m22:29:28.475654 [debug] [Thread-2 (]: Database Error in model stg_orders (models/staging/stg_orders.sql)
  relation "public.orders" does not exist
  LINE 10:     select * from "postgres"."public"."orders"
                             ^
  compiled code at target/run/red_pandas_project/models/staging/stg_orders.sql
[0m22:29:28.477113 [debug] [Thread-2 (]: Sending event: {'category': 'dbt', 'action': 'run_model', 'label': 'e408884c-63ea-4d8c-aecc-f2c629fc882a', 'context': [<snowplow_tracker.self_describing_json.SelfDescribingJson object at 0x1069f9100>]}
[0m22:29:28.477603 [error] [Thread-2 (]: 2 of 4 ERROR creating sql view model public_staging.stg_orders ................. [[31mERROR[0m in 4.06s]
[0m22:29:28.477988 [debug] [Thread-2 (]: Finished running node model.red_pandas_project.stg_orders
[0m22:29:28.478351 [debug] [Thread-7 (]: Marking all children of 'model.red_pandas_project.stg_orders' to be skipped because of status 'error'.  Reason: Database Error in model stg_orders (models/staging/stg_orders.sql)
  relation "public.orders" does not exist
  LINE 10:     select * from "postgres"."public"."orders"
                             ^
  compiled code at target/run/red_pandas_project/models/staging/stg_orders.sql.
[0m22:29:28.664328 [debug] [Thread-3 (]: Using postgres connection "model.red_pandas_project.stg_products"
[0m22:29:28.665613 [debug] [Thread-3 (]: On model.red_pandas_project.stg_products: /* {"app": "dbt", "dbt_version": "1.11.2", "profile_name": "red_pandas_project", "target_name": "dev", "node_id": "model.red_pandas_project.stg_products"} */

  create view "postgres"."public_staging"."stg_products__dbt_tmp"
    
    
  as (
    

with source as (
    select * from "postgres"."public_raw"."products"
),

cleaned as (
    select
        product_id::int             as product_id,
        trim(product_name)          as product_name,
        price::numeric(10,2)        as price,
        trim(category)              as category
    from source
)

select * from cleaned
  );
[0m22:29:28.665958 [debug] [Thread-3 (]: Opening a new connection, currently in state init
[0m22:29:28.685050 [debug] [Thread-3 (]: Postgres adapter: Postgres error: relation "public_raw.products" does not exist
LINE 10:     select * from "postgres"."public_raw"."products"
                           ^

[0m22:29:28.685960 [debug] [Thread-3 (]: On model.red_pandas_project.stg_products: ROLLBACK
[0m22:29:28.687538 [debug] [Thread-3 (]: On model.red_pandas_project.stg_products: Close
[0m22:29:28.689441 [debug] [Thread-3 (]: Database Error in model stg_products (models/staging/stg_products.sql)
  relation "public_raw.products" does not exist
  LINE 10:     select * from "postgres"."public_raw"."products"
                             ^
  compiled code at target/run/red_pandas_project/models/staging/stg_products.sql
[0m22:29:28.689786 [debug] [Thread-3 (]: Sending event: {'category': 'dbt', 'action': 'run_model', 'label': 'e408884c-63ea-4d8c-aecc-f2c629fc882a', 'context': [<snowplow_tracker.self_describing_json.SelfDescribingJson object at 0x106937740>]}
[0m22:29:28.690225 [error] [Thread-3 (]: 3 of 4 ERROR creating sql view model public_staging.stg_products ............... [[31mERROR[0m in 4.27s]
[0m22:29:28.690676 [debug] [Thread-3 (]: Finished running node model.red_pandas_project.stg_products
[0m22:29:28.691082 [debug] [Thread-7 (]: Marking all children of 'model.red_pandas_project.stg_products' to be skipped because of status 'error'.  Reason: Database Error in model stg_products (models/staging/stg_products.sql)
  relation "public_raw.products" does not exist
  LINE 10:     select * from "postgres"."public_raw"."products"
                             ^
  compiled code at target/run/red_pandas_project/models/staging/stg_products.sql.
[0m22:29:28.691676 [debug] [Thread-4 (]: Began running node model.red_pandas_project.stg_order_lines
[0m22:29:28.692001 [info ] [Thread-4 (]: 4 of 4 SKIP relation public_staging.stg_order_lines ............................ [[33mSKIP[0m]
[0m22:29:28.692351 [debug] [Thread-4 (]: Finished running node model.red_pandas_project.stg_order_lines
[0m22:29:29.741694 [debug] [Thread-1 (]: Using postgres connection "model.red_pandas_project.stg_customer"
[0m22:29:29.742666 [debug] [Thread-1 (]: On model.red_pandas_project.stg_customer: /* {"app": "dbt", "dbt_version": "1.11.2", "profile_name": "red_pandas_project", "target_name": "dev", "node_id": "model.red_pandas_project.stg_customer"} */

  create view "postgres"."public_staging"."stg_customer__dbt_tmp"
    
    
  as (
    

with source as (
    select * from "postgres"."public"."customer"
),

cleaned as (
    select
        id as customer_id,
        
        -- Parse created_time to timestamp
        -- Adjust the format based on your actual data format
        case 
            when created_time is not null 
            then created_time::timestamp
            else null
        end as created_at,
        
        -- Name fields
        trim(full_name) as full_name,
        trim(salulation) as salutation, 
        trim(first_name) as first_name,
        trim(last_name) as last_name,
        
        -- Address fields
        street_number,
        trim(street_name) as street_name,
        trim(city) as city,
        trim(postcode) as postcode,
        upper(trim(state)) as state,
        trim(full_address) as full_address
        
    from source
    
    -- Data quality filters
    where id is not null
        -- Add state validation if needed
        and (state is null or length(state) <= 2)
)

select * from cleaned
  );
[0m22:29:29.743227 [debug] [Thread-1 (]: Opening a new connection, currently in state closed
[0m22:29:29.769114 [debug] [Thread-1 (]: Postgres adapter: Postgres error: column "salulation" does not exist
LINE 27:         trim(salulation) as salutation, 
                      ^
HINT:  Perhaps you meant to reference the column "source.salutatoin".

[0m22:29:29.769514 [debug] [Thread-1 (]: On model.red_pandas_project.stg_customer: ROLLBACK
[0m22:29:29.770723 [debug] [Thread-1 (]: On model.red_pandas_project.stg_customer: Close
[0m22:29:29.772790 [debug] [Thread-1 (]: Database Error in model stg_customer (models/staging/stg_customer.sql)
  column "salulation" does not exist
  LINE 27:         trim(salulation) as salutation, 
                        ^
  HINT:  Perhaps you meant to reference the column "source.salutatoin".
  compiled code at target/run/red_pandas_project/models/staging/stg_customer.sql
[0m22:29:29.773175 [debug] [Thread-1 (]: Sending event: {'category': 'dbt', 'action': 'run_model', 'label': 'e408884c-63ea-4d8c-aecc-f2c629fc882a', 'context': [<snowplow_tracker.self_describing_json.SelfDescribingJson object at 0x106d6f9e0>]}
[0m22:29:29.773606 [error] [Thread-1 (]: 1 of 4 ERROR creating sql view model public_staging.stg_customer ............... [[31mERROR[0m in 5.35s]
[0m22:29:29.773969 [debug] [Thread-1 (]: Finished running node model.red_pandas_project.stg_customer
[0m22:29:29.774426 [debug] [Thread-7 (]: Marking all children of 'model.red_pandas_project.stg_customer' to be skipped because of status 'error'.  Reason: Database Error in model stg_customer (models/staging/stg_customer.sql)
  column "salulation" does not exist
  LINE 27:         trim(salulation) as salutation, 
                        ^
  HINT:  Perhaps you meant to reference the column "source.salutatoin".
  compiled code at target/run/red_pandas_project/models/staging/stg_customer.sql.
[0m22:29:29.775755 [debug] [MainThread]: On master: COMMIT
[0m22:29:29.776033 [debug] [MainThread]: Using postgres connection "master"
[0m22:29:29.776389 [debug] [MainThread]: On master: COMMIT
[0m22:29:29.776653 [debug] [MainThread]: Opening a new connection, currently in state closed
[0m22:29:29.791522 [debug] [MainThread]: SQL status: COMMIT in 0.015 seconds
[0m22:29:29.791952 [debug] [MainThread]: On master: Close
[0m22:29:29.792300 [debug] [MainThread]: Connection 'master' was properly closed.
[0m22:29:29.792561 [debug] [MainThread]: Connection 'model.red_pandas_project.stg_customer' was properly closed.
[0m22:29:29.792819 [debug] [MainThread]: Connection 'model.red_pandas_project.stg_orders' was properly closed.
[0m22:29:29.793002 [debug] [MainThread]: Connection 'model.red_pandas_project.stg_products' was properly closed.
[0m22:29:29.793246 [info ] [MainThread]: 
[0m22:29:29.793478 [info ] [MainThread]: Finished running 4 view models in 0 hours 0 minutes and 5.55 seconds (5.55s).
[0m22:29:29.794347 [debug] [MainThread]: Command end result
[0m22:29:29.821302 [debug] [MainThread]: Wrote artifact WritableManifest to /Users/brendanwallace-nash/Documents/red_pandas_project/dbt/dbt/target/manifest.json
[0m22:29:29.822958 [debug] [MainThread]: Wrote artifact SemanticManifest to /Users/brendanwallace-nash/Documents/red_pandas_project/dbt/dbt/target/semantic_manifest.json
[0m22:29:31.657108 [debug] [MainThread]: Wrote artifact RunExecutionResult to /Users/brendanwallace-nash/Documents/red_pandas_project/dbt/dbt/target/run_results.json
[0m22:29:31.657483 [info ] [MainThread]: 
[0m22:29:31.657762 [info ] [MainThread]: [31mCompleted with 3 errors, 0 partial successes, and 0 warnings:[0m
[0m22:29:31.658041 [info ] [MainThread]: 
[0m22:29:31.658347 [error] [MainThread]: [31mFailure in model stg_orders (models/staging/stg_orders.sql)[0m
[0m22:29:31.659125 [error] [MainThread]:   Database Error in model stg_orders (models/staging/stg_orders.sql)
  relation "public.orders" does not exist
  LINE 10:     select * from "postgres"."public"."orders"
                             ^
  compiled code at target/run/red_pandas_project/models/staging/stg_orders.sql
[0m22:29:31.659513 [info ] [MainThread]: 
[0m22:29:31.659799 [info ] [MainThread]:   compiled code at target/compiled/red_pandas_project/models/staging/stg_orders.sql
[0m22:29:31.660007 [info ] [MainThread]: 
[0m22:29:31.660313 [error] [MainThread]: [31mFailure in model stg_products (models/staging/stg_products.sql)[0m
[0m22:29:31.660561 [error] [MainThread]:   Database Error in model stg_products (models/staging/stg_products.sql)
  relation "public_raw.products" does not exist
  LINE 10:     select * from "postgres"."public_raw"."products"
                             ^
  compiled code at target/run/red_pandas_project/models/staging/stg_products.sql
[0m22:29:31.660885 [info ] [MainThread]: 
[0m22:29:31.661145 [info ] [MainThread]:   compiled code at target/compiled/red_pandas_project/models/staging/stg_products.sql
[0m22:29:31.661350 [info ] [MainThread]: 
[0m22:29:31.661571 [error] [MainThread]: [31mFailure in model stg_customer (models/staging/stg_customer.sql)[0m
[0m22:29:31.661831 [error] [MainThread]:   Database Error in model stg_customer (models/staging/stg_customer.sql)
  column "salulation" does not exist
  LINE 27:         trim(salulation) as salutation, 
                        ^
  HINT:  Perhaps you meant to reference the column "source.salutatoin".
  compiled code at target/run/red_pandas_project/models/staging/stg_customer.sql
[0m22:29:31.662027 [info ] [MainThread]: 
[0m22:29:31.662246 [info ] [MainThread]:   compiled code at target/compiled/red_pandas_project/models/staging/stg_customer.sql
[0m22:29:31.662417 [info ] [MainThread]: 
[0m22:29:31.662792 [info ] [MainThread]: Done. PASS=0 WARN=0 ERROR=3 SKIP=1 NO-OP=0 TOTAL=4
[0m22:29:31.663405 [warn ] [MainThread]: [[33mWARNING[0m][DeprecationsSummary]: Deprecated functionality
Summary of encountered deprecations:
- MissingArgumentsPropertyInGenericTestDeprecation: 4 occurrences
To see all deprecation instances instead of just the first occurrence of each,
run command again with the `--show-all-deprecations` flag. You may also need to
run with `--no-partial-parse` as some deprecations are only encountered during
parsing.
[0m22:29:31.666372 [debug] [MainThread]: Resource report: {"command_name": "run", "command_success": false, "command_wall_clock_time": 16.24227, "process_in_blocks": "0", "process_kernel_time": 0.338261, "process_mem_max_rss": "149635072", "process_out_blocks": "0", "process_user_time": 1.911758}
[0m22:29:31.666843 [debug] [MainThread]: Command `dbt run` failed at 22:29:31.666761 after 16.24 seconds
[0m22:29:31.667163 [debug] [MainThread]: Sending event: {'category': 'dbt', 'action': 'invocation', 'label': 'end', 'context': [<snowplow_tracker.self_describing_json.SelfDescribingJson object at 0x105883cb0>, <snowplow_tracker.self_describing_json.SelfDescribingJson object at 0x1067b14c0>, <snowplow_tracker.self_describing_json.SelfDescribingJson object at 0x1067b1b20>]}
[0m22:29:31.667431 [debug] [MainThread]: Flushing usage events
[0m22:29:32.670891 [debug] [MainThread]: An error was encountered while trying to flush usage events
[0m22:30:42.003102 [debug] [MainThread]: Sending event: {'category': 'dbt', 'action': 'invocation', 'label': 'start', 'context': [<snowplow_tracker.self_describing_json.SelfDescribingJson object at 0x1039a21b0>, <snowplow_tracker.self_describing_json.SelfDescribingJson object at 0x107b2ffb0>, <snowplow_tracker.self_describing_json.SelfDescribingJson object at 0x107b2fef0>]}


============================== 22:30:44.851279 | 57fe7579-1439-4399-bcae-cd46cec0f3c2 ==============================
[0m22:30:44.851279 [info ] [MainThread]: Running with dbt=1.11.2
[0m22:30:44.852789 [debug] [MainThread]: running dbt with arguments {'static_parser': 'True', 'version_check': 'True', 'quiet': 'False', 'send_anonymous_usage_stats': 'True', 'target_path': 'None', 'warn_error': 'None', 'use_colors': 'True', 'use_experimental_parser': 'False', 'invocation_command': 'dbt run', 'indirect_selection': 'eager', 'partial_parse': 'True', 'log_format': 'default', 'introspect': 'True', 'cache_selected_only': 'False', 'printer_width': '80', 'log_cache_events': 'False', 'no_print': 'None', 'empty': 'False', 'profiles_dir': '/Users/brendanwallace-nash/Documents/red_pandas_project/dbt/dbt', 'log_path': '/Users/brendanwallace-nash/Documents/red_pandas_project/dbt/dbt/logs', 'write_json': 'True', 'debug': 'False', 'warn_error_options': 'WarnErrorOptionsV2(error=[], warn=[], silence=[])', 'fail_fast': 'False'}
[0m22:30:44.981314 [debug] [MainThread]: Sending event: {'category': 'dbt', 'action': 'project_id', 'label': '57fe7579-1439-4399-bcae-cd46cec0f3c2', 'context': [<snowplow_tracker.self_describing_json.SelfDescribingJson object at 0x106069b20>]}
[0m22:30:45.020407 [debug] [MainThread]: Sending event: {'category': 'dbt', 'action': 'adapter_info', 'label': '57fe7579-1439-4399-bcae-cd46cec0f3c2', 'context': [<snowplow_tracker.self_describing_json.SelfDescribingJson object at 0x107f62270>]}
[0m22:30:45.021265 [info ] [MainThread]: Registered adapter: postgres=1.10.0
[0m22:30:45.096532 [debug] [MainThread]: checksum: 3d40d8bbe1bef07db1c24822f2dbfff8bc07f2a48ed4fe2658a40653aec0b54b, vars: {}, profile: , target: , version: 1.11.2
[0m22:30:58.022614 [debug] [MainThread]: Partial parsing enabled: 0 files deleted, 0 files added, 1 files changed.
[0m22:30:58.023601 [debug] [MainThread]: Partial parsing: updated file: red_pandas_project://models/staging/stg_orders.sql
[0m22:30:58.023989 [debug] [MainThread]: Partial parsing: updated file: red_pandas_project://models/staging/source.yml
[0m22:30:58.251779 [warn ] [MainThread]: [[33mWARNING[0m][MissingArgumentsPropertyInGenericTestDeprecation]: Deprecated
functionality
Found top-level arguments to test `relationships` defined on 'stg_orders' in
package 'red_pandas_project' (models/staging/source.yml). Arguments to generic
tests should be nested under the `arguments` property.
[0m22:30:58.252256 [debug] [MainThread]: Sending event: {'category': 'dbt', 'action': 'deprecation', 'label': '57fe7579-1439-4399-bcae-cd46cec0f3c2', 'property_': 'warn', 'context': [<snowplow_tracker.self_describing_json.SelfDescribingJson object at 0x111543e90>]}
[0m22:30:58.445599 [warn ] [MainThread]: [[33mWARNING[0m]: Configuration paths exist in your dbt_project.yml file which do not apply to any resources.
There are 2 unused configuration paths:
- models.red_pandas_project.marts
- models.red_pandas_project.reporting
[0m22:30:58.452409 [debug] [MainThread]: Sending event: {'category': 'dbt', 'action': 'load_project', 'label': '57fe7579-1439-4399-bcae-cd46cec0f3c2', 'context': [<snowplow_tracker.self_describing_json.SelfDescribingJson object at 0x111482060>]}
[0m22:31:01.612933 [debug] [MainThread]: Wrote artifact WritableManifest to /Users/brendanwallace-nash/Documents/red_pandas_project/dbt/dbt/target/manifest.json
[0m22:31:03.621191 [debug] [MainThread]: Wrote artifact SemanticManifest to /Users/brendanwallace-nash/Documents/red_pandas_project/dbt/dbt/target/semantic_manifest.json
[0m22:31:08.153799 [debug] [MainThread]: Sending event: {'category': 'dbt', 'action': 'resource_counts', 'label': '57fe7579-1439-4399-bcae-cd46cec0f3c2', 'context': [<snowplow_tracker.self_describing_json.SelfDescribingJson object at 0x11146ab70>]}
[0m22:31:08.154288 [info ] [MainThread]: Found 4 models, 1 seed, 29 data tests, 2 sources, 464 macros
[0m22:31:08.154573 [debug] [MainThread]: Sending event: {'category': 'dbt', 'action': 'runnable_timing', 'label': '57fe7579-1439-4399-bcae-cd46cec0f3c2', 'context': [<snowplow_tracker.self_describing_json.SelfDescribingJson object at 0x111426540>]}
[0m22:31:08.156550 [info ] [MainThread]: 
[0m22:31:08.156915 [info ] [MainThread]: Concurrency: 4 threads (target='dev')
[0m22:31:08.157122 [info ] [MainThread]: 
[0m22:31:08.157446 [debug] [MainThread]: Acquiring new postgres connection 'master'
[0m22:31:08.160090 [debug] [ThreadPool]: Acquiring new postgres connection 'list_postgres'
[0m22:31:08.203733 [debug] [ThreadPool]: Using postgres connection "list_postgres"
[0m22:31:08.204099 [debug] [ThreadPool]: On list_postgres: /* {"app": "dbt", "dbt_version": "1.11.2", "profile_name": "red_pandas_project", "target_name": "dev", "connection_name": "list_postgres"} */

    select distinct nspname from pg_namespace
  
[0m22:31:08.204313 [debug] [ThreadPool]: Opening a new connection, currently in state init
[0m22:31:08.254380 [debug] [ThreadPool]: SQL status: SELECT 7 in 0.050 seconds
[0m22:31:08.255423 [debug] [ThreadPool]: On list_postgres: Close
[0m22:31:08.256480 [debug] [ThreadPool]: Re-using an available connection from the pool (formerly list_postgres, now list_postgres_public_staging)
[0m22:31:08.256883 [debug] [ThreadPool]: Acquiring new postgres connection 'list_postgres_public_raw'
[0m22:31:08.260888 [debug] [ThreadPool]: Using postgres connection "list_postgres_public_staging"
[0m22:31:08.262124 [debug] [ThreadPool]: Using postgres connection "list_postgres_public_raw"
[0m22:31:08.262398 [debug] [ThreadPool]: On list_postgres_public_staging: /* {"app": "dbt", "dbt_version": "1.11.2", "profile_name": "red_pandas_project", "target_name": "dev", "connection_name": "list_postgres_public_staging"} */
select
      'postgres' as database,
      tablename as name,
      schemaname as schema,
      'table' as type
    from pg_tables
    where schemaname ilike 'public_staging'
    union all
    select
      'postgres' as database,
      viewname as name,
      schemaname as schema,
      'view' as type
    from pg_views
    where schemaname ilike 'public_staging'
    union all
    select
      'postgres' as database,
      matviewname as name,
      schemaname as schema,
      'materialized_view' as type
    from pg_matviews
    where schemaname ilike 'public_staging'
  
[0m22:31:08.262690 [debug] [ThreadPool]: On list_postgres_public_raw: /* {"app": "dbt", "dbt_version": "1.11.2", "profile_name": "red_pandas_project", "target_name": "dev", "connection_name": "list_postgres_public_raw"} */
select
      'postgres' as database,
      tablename as name,
      schemaname as schema,
      'table' as type
    from pg_tables
    where schemaname ilike 'public_raw'
    union all
    select
      'postgres' as database,
      viewname as name,
      schemaname as schema,
      'view' as type
    from pg_views
    where schemaname ilike 'public_raw'
    union all
    select
      'postgres' as database,
      matviewname as name,
      schemaname as schema,
      'materialized_view' as type
    from pg_matviews
    where schemaname ilike 'public_raw'
  
[0m22:31:08.262927 [debug] [ThreadPool]: Opening a new connection, currently in state closed
[0m22:31:08.263119 [debug] [ThreadPool]: Opening a new connection, currently in state init
[0m22:31:08.289392 [debug] [ThreadPool]: SQL status: SELECT 0 in 0.026 seconds
[0m22:31:08.289658 [debug] [ThreadPool]: SQL status: SELECT 0 in 0.027 seconds
[0m22:31:08.290501 [debug] [ThreadPool]: On list_postgres_public_staging: ROLLBACK
[0m22:31:08.291259 [debug] [ThreadPool]: On list_postgres_public_raw: ROLLBACK
[0m22:31:08.292524 [debug] [ThreadPool]: On list_postgres_public_staging: Close
[0m22:31:08.292707 [debug] [ThreadPool]: On list_postgres_public_raw: Close
[0m22:31:08.295947 [debug] [MainThread]: Using postgres connection "master"
[0m22:31:08.296290 [debug] [MainThread]: On master: /* {"app": "dbt", "dbt_version": "1.11.2", "profile_name": "red_pandas_project", "target_name": "dev", "connection_name": "master"} */
select distinct
        dependent_namespace.nspname as dependent_schema,
        dependent_class.relname as dependent_name,
        referenced_namespace.nspname as referenced_schema,
        referenced_class.relname as referenced_name

    -- Query for views: views are entries in pg_class with an entry in pg_rewrite, but we avoid
    -- a seq scan on pg_rewrite by leveraging the fact there is an "internal" row in pg_depend for
    -- the view...
    from pg_class as dependent_class
    join pg_namespace as dependent_namespace on dependent_namespace.oid = dependent_class.relnamespace
    join pg_depend as dependent_depend on dependent_depend.refobjid = dependent_class.oid
        and dependent_depend.classid = 'pg_rewrite'::regclass
        and dependent_depend.refclassid = 'pg_class'::regclass
        and dependent_depend.deptype = 'i'

    -- ... and via pg_depend (that has a row per column, hence the need for "distinct" above, and
    -- making sure to exclude the internal row to avoid a view appearing to depend on itself)...
    join pg_depend as joining_depend on joining_depend.objid = dependent_depend.objid
        and joining_depend.classid = 'pg_rewrite'::regclass
        and joining_depend.refclassid = 'pg_class'::regclass
        and joining_depend.refobjid != dependent_depend.refobjid

    -- ... we can find the tables they query from in pg_class, but excluding system tables. Note we
    -- don't need need to exclude _dependent_ system tables, because they only query from other
    -- system tables, and so are automatically excluded by excluding _referenced_ system tables
    join pg_class as referenced_class on referenced_class.oid = joining_depend.refobjid
    join pg_namespace as referenced_namespace on referenced_namespace.oid = referenced_class.relnamespace
        and referenced_namespace.nspname != 'information_schema'
        and referenced_namespace.nspname not like 'pg\_%'

    order by
        dependent_schema, dependent_name, referenced_schema, referenced_name;
[0m22:31:08.296562 [debug] [MainThread]: Opening a new connection, currently in state init
[0m22:31:08.315292 [debug] [MainThread]: SQL status: SELECT 0 in 0.019 seconds
[0m22:31:08.316243 [debug] [MainThread]: Sending event: {'category': 'dbt', 'action': 'runnable_timing', 'label': '57fe7579-1439-4399-bcae-cd46cec0f3c2', 'context': [<snowplow_tracker.self_describing_json.SelfDescribingJson object at 0x1112d2690>]}
[0m22:31:08.316643 [debug] [MainThread]: On master: ROLLBACK
[0m22:31:08.318160 [debug] [MainThread]: On master: COMMIT
[0m22:31:08.318436 [debug] [MainThread]: Using postgres connection "master"
[0m22:31:08.318643 [debug] [MainThread]: On master: COMMIT
[0m22:31:08.320120 [debug] [MainThread]: SQL status: COMMIT in 0.001 seconds
[0m22:31:08.320348 [debug] [MainThread]: On master: Close
[0m22:31:08.323492 [debug] [Thread-1 (]: Began running node model.red_pandas_project.stg_customer
[0m22:31:08.323916 [debug] [Thread-2 (]: Began running node model.red_pandas_project.stg_orders
[0m22:31:08.324198 [debug] [Thread-3 (]: Began running node model.red_pandas_project.stg_products
[0m22:31:08.324579 [info ] [Thread-1 (]: 1 of 4 START sql view model public_staging.stg_customer ........................ [RUN]
[0m22:31:08.325099 [info ] [Thread-2 (]: 2 of 4 START sql view model public_staging.stg_orders .......................... [RUN]
[0m22:31:08.325576 [info ] [Thread-3 (]: 3 of 4 START sql view model public_staging.stg_products ........................ [RUN]
[0m22:31:08.325999 [debug] [Thread-1 (]: Re-using an available connection from the pool (formerly list_postgres_public_staging, now model.red_pandas_project.stg_customer)
[0m22:31:08.326355 [debug] [Thread-2 (]: Re-using an available connection from the pool (formerly list_postgres_public_raw, now model.red_pandas_project.stg_orders)
[0m22:31:08.326733 [debug] [Thread-3 (]: Acquiring new postgres connection 'model.red_pandas_project.stg_products'
[0m22:31:08.327070 [debug] [Thread-1 (]: Began compiling node model.red_pandas_project.stg_customer
[0m22:31:08.327422 [debug] [Thread-2 (]: Began compiling node model.red_pandas_project.stg_orders
[0m22:31:08.327826 [debug] [Thread-3 (]: Began compiling node model.red_pandas_project.stg_products
[0m22:31:08.333330 [debug] [Thread-1 (]: Writing injected SQL for node "model.red_pandas_project.stg_customer"
[0m22:31:08.335228 [debug] [Thread-2 (]: Writing injected SQL for node "model.red_pandas_project.stg_orders"
[0m22:31:08.336911 [debug] [Thread-3 (]: Writing injected SQL for node "model.red_pandas_project.stg_products"
[0m22:31:09.905873 [debug] [Thread-2 (]: Began executing node model.red_pandas_project.stg_orders
[0m22:31:09.942539 [debug] [Thread-2 (]: Writing runtime sql for node "model.red_pandas_project.stg_orders"
[0m22:31:09.967565 [debug] [Thread-3 (]: Began executing node model.red_pandas_project.stg_products
[0m22:31:09.970897 [debug] [Thread-3 (]: Writing runtime sql for node "model.red_pandas_project.stg_products"
[0m22:31:10.088902 [debug] [Thread-1 (]: Began executing node model.red_pandas_project.stg_customer
[0m22:31:10.091316 [debug] [Thread-1 (]: Writing runtime sql for node "model.red_pandas_project.stg_customer"
[0m22:31:13.662386 [debug] [Thread-1 (]: Using postgres connection "model.red_pandas_project.stg_customer"
[0m22:31:13.662815 [debug] [Thread-1 (]: On model.red_pandas_project.stg_customer: /* {"app": "dbt", "dbt_version": "1.11.2", "profile_name": "red_pandas_project", "target_name": "dev", "node_id": "model.red_pandas_project.stg_customer"} */

  create view "postgres"."public_staging"."stg_customer__dbt_tmp"
    
    
  as (
    

with source as (
    select * from "postgres"."raw"."customer"
),

cleaned as (
    select
        id as customer_id,
        
        -- Parse created_time to timestamp
        -- Adjust the format based on your actual data format
        case 
            when created_time is not null 
            then created_time::timestamp
            else null
        end as created_at,
        
        -- Name fields
        trim(full_name) as full_name,
        trim(salulation) as salutation, 
        trim(first_name) as first_name,
        trim(last_name) as last_name,
        
        -- Address fields
        street_number,
        trim(street_name) as street_name,
        trim(city) as city,
        trim(postcode) as postcode,
        upper(trim(state)) as state,
        trim(full_address) as full_address
        
    from source
    
    -- Data quality filters
    where id is not null
        -- Add state validation if needed
        and (state is null or length(state) <= 2)
)

select * from cleaned
  );
[0m22:31:13.663105 [debug] [Thread-1 (]: Opening a new connection, currently in state closed
[0m22:31:13.668686 [debug] [Thread-3 (]: Using postgres connection "model.red_pandas_project.stg_products"
[0m22:31:13.669056 [debug] [Thread-3 (]: On model.red_pandas_project.stg_products: /* {"app": "dbt", "dbt_version": "1.11.2", "profile_name": "red_pandas_project", "target_name": "dev", "node_id": "model.red_pandas_project.stg_products"} */

  create view "postgres"."public_staging"."stg_products__dbt_tmp"
    
    
  as (
    

with source as (
    select * from "postgres"."public_raw"."products"
),

cleaned as (
    select
        product_id::int             as product_id,
        trim(product_name)          as product_name,
        price::numeric(10,2)        as price,
        trim(category)              as category
    from source
)

select * from cleaned
  );
[0m22:31:13.669390 [debug] [Thread-3 (]: Opening a new connection, currently in state init
[0m22:31:13.672089 [debug] [Thread-2 (]: Using postgres connection "model.red_pandas_project.stg_orders"
[0m22:31:13.672464 [debug] [Thread-2 (]: On model.red_pandas_project.stg_orders: /* {"app": "dbt", "dbt_version": "1.11.2", "profile_name": "red_pandas_project", "target_name": "dev", "node_id": "model.red_pandas_project.stg_orders"} */

  create view "postgres"."public_staging"."stg_orders__dbt_tmp"
    
    
  as (
    

with source as (
    select * from "postgres"."raw"."orders"
),

cleaned as (
    select
        id                                  as order_id,
        created_date::timestamp             as created_at,
        customer_id,
        order_products::jsonb               as order_products,
        order_quantity::jsonb               as order_quantity
    from source
    where id is not null
)

select * from cleaned
  );
[0m22:31:13.673076 [debug] [Thread-2 (]: Opening a new connection, currently in state closed
[0m22:31:13.691188 [debug] [Thread-3 (]: Postgres adapter: Postgres error: relation "public_raw.products" does not exist
LINE 10:     select * from "postgres"."public_raw"."products"
                           ^

[0m22:31:13.691572 [debug] [Thread-3 (]: On model.red_pandas_project.stg_products: ROLLBACK
[0m22:31:13.692790 [debug] [Thread-3 (]: On model.red_pandas_project.stg_products: Close
[0m22:31:13.698476 [debug] [Thread-3 (]: Database Error in model stg_products (models/staging/stg_products.sql)
  relation "public_raw.products" does not exist
  LINE 10:     select * from "postgres"."public_raw"."products"
                             ^
  compiled code at target/run/red_pandas_project/models/staging/stg_products.sql
[0m22:31:13.700250 [debug] [Thread-3 (]: Sending event: {'category': 'dbt', 'action': 'run_model', 'label': '57fe7579-1439-4399-bcae-cd46cec0f3c2', 'context': [<snowplow_tracker.self_describing_json.SelfDescribingJson object at 0x111a77b90>]}
[0m22:31:13.701002 [error] [Thread-3 (]: 3 of 4 ERROR creating sql view model public_staging.stg_products ............... [[31mERROR[0m in 5.37s]
[0m22:31:13.701641 [debug] [Thread-3 (]: Finished running node model.red_pandas_project.stg_products
[0m22:31:13.701997 [debug] [Thread-2 (]: SQL status: CREATE VIEW in 0.029 seconds
[0m22:31:13.702365 [debug] [Thread-1 (]: SQL status: CREATE VIEW in 0.039 seconds
[0m22:31:13.702863 [debug] [Thread-7 (]: Marking all children of 'model.red_pandas_project.stg_products' to be skipped because of status 'error'.  Reason: Database Error in model stg_products (models/staging/stg_products.sql)
  relation "public_raw.products" does not exist
  LINE 10:     select * from "postgres"."public_raw"."products"
                             ^
  compiled code at target/run/red_pandas_project/models/staging/stg_products.sql.
[0m22:31:13.707260 [debug] [Thread-2 (]: Using postgres connection "model.red_pandas_project.stg_orders"
[0m22:31:13.710385 [debug] [Thread-1 (]: Using postgres connection "model.red_pandas_project.stg_customer"
[0m22:31:13.711325 [debug] [Thread-2 (]: On model.red_pandas_project.stg_orders: /* {"app": "dbt", "dbt_version": "1.11.2", "profile_name": "red_pandas_project", "target_name": "dev", "node_id": "model.red_pandas_project.stg_orders"} */
alter table "postgres"."public_staging"."stg_orders__dbt_tmp" rename to "stg_orders"
[0m22:31:13.711703 [debug] [Thread-1 (]: On model.red_pandas_project.stg_customer: /* {"app": "dbt", "dbt_version": "1.11.2", "profile_name": "red_pandas_project", "target_name": "dev", "node_id": "model.red_pandas_project.stg_customer"} */
alter table "postgres"."public_staging"."stg_customer__dbt_tmp" rename to "stg_customer"
[0m22:31:13.713042 [debug] [Thread-1 (]: SQL status: ALTER TABLE in 0.001 seconds
[0m22:31:13.713299 [debug] [Thread-2 (]: SQL status: ALTER TABLE in 0.001 seconds
[0m22:31:13.723237 [debug] [Thread-1 (]: On model.red_pandas_project.stg_customer: COMMIT
[0m22:31:13.724254 [debug] [Thread-2 (]: On model.red_pandas_project.stg_orders: COMMIT
[0m22:31:13.724523 [debug] [Thread-1 (]: Using postgres connection "model.red_pandas_project.stg_customer"
[0m22:31:13.724889 [debug] [Thread-2 (]: Using postgres connection "model.red_pandas_project.stg_orders"
[0m22:31:13.725185 [debug] [Thread-1 (]: On model.red_pandas_project.stg_customer: COMMIT
[0m22:31:13.725455 [debug] [Thread-2 (]: On model.red_pandas_project.stg_orders: COMMIT
[0m22:31:13.728741 [debug] [Thread-1 (]: SQL status: COMMIT in 0.003 seconds
[0m22:31:13.728948 [debug] [Thread-2 (]: SQL status: COMMIT in 0.003 seconds
[0m22:31:13.733021 [debug] [Thread-1 (]: Applying DROP to: "postgres"."public_staging"."stg_customer__dbt_backup"
[0m22:31:13.734474 [debug] [Thread-2 (]: Applying DROP to: "postgres"."public_staging"."stg_orders__dbt_backup"
[0m22:31:13.737690 [debug] [Thread-1 (]: Using postgres connection "model.red_pandas_project.stg_customer"
[0m22:31:13.738168 [debug] [Thread-2 (]: Using postgres connection "model.red_pandas_project.stg_orders"
[0m22:31:13.738430 [debug] [Thread-1 (]: On model.red_pandas_project.stg_customer: /* {"app": "dbt", "dbt_version": "1.11.2", "profile_name": "red_pandas_project", "target_name": "dev", "node_id": "model.red_pandas_project.stg_customer"} */
drop view if exists "postgres"."public_staging"."stg_customer__dbt_backup" cascade
[0m22:31:13.738690 [debug] [Thread-2 (]: On model.red_pandas_project.stg_orders: /* {"app": "dbt", "dbt_version": "1.11.2", "profile_name": "red_pandas_project", "target_name": "dev", "node_id": "model.red_pandas_project.stg_orders"} */
drop view if exists "postgres"."public_staging"."stg_orders__dbt_backup" cascade
[0m22:31:13.740259 [debug] [Thread-2 (]: SQL status: DROP VIEW in 0.001 seconds
[0m22:31:13.740524 [debug] [Thread-1 (]: SQL status: DROP VIEW in 0.002 seconds
[0m22:31:13.742491 [debug] [Thread-2 (]: On model.red_pandas_project.stg_orders: Close
[0m22:31:13.743481 [debug] [Thread-1 (]: On model.red_pandas_project.stg_customer: Close
[0m22:31:13.743998 [debug] [Thread-2 (]: Sending event: {'category': 'dbt', 'action': 'run_model', 'label': '57fe7579-1439-4399-bcae-cd46cec0f3c2', 'context': [<snowplow_tracker.self_describing_json.SelfDescribingJson object at 0x111b27bf0>]}
[0m22:31:13.744336 [debug] [Thread-1 (]: Sending event: {'category': 'dbt', 'action': 'run_model', 'label': '57fe7579-1439-4399-bcae-cd46cec0f3c2', 'context': [<snowplow_tracker.self_describing_json.SelfDescribingJson object at 0x111a5e150>]}
[0m22:31:13.744820 [info ] [Thread-2 (]: 2 of 4 OK created sql view model public_staging.stg_orders ..................... [[32mCREATE VIEW[0m in 5.42s]
[0m22:31:13.745250 [info ] [Thread-1 (]: 1 of 4 OK created sql view model public_staging.stg_customer ................... [[32mCREATE VIEW[0m in 5.42s]
[0m22:31:13.745624 [debug] [Thread-2 (]: Finished running node model.red_pandas_project.stg_orders
[0m22:31:13.745940 [debug] [Thread-1 (]: Finished running node model.red_pandas_project.stg_customer
[0m22:31:13.746351 [debug] [Thread-4 (]: Began running node model.red_pandas_project.stg_order_lines
[0m22:31:13.746768 [info ] [Thread-4 (]: 4 of 4 SKIP relation public_staging.stg_order_lines ............................ [[33mSKIP[0m]
[0m22:31:13.747132 [debug] [Thread-4 (]: Finished running node model.red_pandas_project.stg_order_lines
[0m22:31:13.748014 [debug] [MainThread]: On master: COMMIT
[0m22:31:13.748237 [debug] [MainThread]: Using postgres connection "master"
[0m22:31:13.748428 [debug] [MainThread]: On master: COMMIT
[0m22:31:13.748609 [debug] [MainThread]: Opening a new connection, currently in state closed
[0m22:31:13.766533 [debug] [MainThread]: SQL status: COMMIT in 0.018 seconds
[0m22:31:13.766877 [debug] [MainThread]: On master: Close
[0m22:31:13.767244 [debug] [MainThread]: Connection 'master' was properly closed.
[0m22:31:13.767476 [debug] [MainThread]: Connection 'model.red_pandas_project.stg_customer' was properly closed.
[0m22:31:13.767656 [debug] [MainThread]: Connection 'model.red_pandas_project.stg_orders' was properly closed.
[0m22:31:13.767823 [debug] [MainThread]: Connection 'model.red_pandas_project.stg_products' was properly closed.
[0m22:31:13.768072 [info ] [MainThread]: 
[0m22:31:13.768349 [info ] [MainThread]: Finished running 4 view models in 0 hours 0 minutes and 5.61 seconds (5.61s).
[0m22:31:13.769140 [debug] [MainThread]: Command end result
[0m22:31:17.453973 [debug] [MainThread]: Wrote artifact WritableManifest to /Users/brendanwallace-nash/Documents/red_pandas_project/dbt/dbt/target/manifest.json
[0m22:31:19.290448 [debug] [MainThread]: Wrote artifact SemanticManifest to /Users/brendanwallace-nash/Documents/red_pandas_project/dbt/dbt/target/semantic_manifest.json
[0m22:31:23.972714 [debug] [MainThread]: Wrote artifact RunExecutionResult to /Users/brendanwallace-nash/Documents/red_pandas_project/dbt/dbt/target/run_results.json
[0m22:31:23.973462 [info ] [MainThread]: 
[0m22:31:23.973816 [info ] [MainThread]: [31mCompleted with 1 error, 0 partial successes, and 0 warnings:[0m
[0m22:31:23.974064 [info ] [MainThread]: 
[0m22:31:23.974325 [error] [MainThread]: [31mFailure in model stg_products (models/staging/stg_products.sql)[0m
[0m22:31:23.974577 [error] [MainThread]:   Database Error in model stg_products (models/staging/stg_products.sql)
  relation "public_raw.products" does not exist
  LINE 10:     select * from "postgres"."public_raw"."products"
                             ^
  compiled code at target/run/red_pandas_project/models/staging/stg_products.sql
[0m22:31:23.974761 [info ] [MainThread]: 
[0m22:31:23.976027 [info ] [MainThread]:   compiled code at target/compiled/red_pandas_project/models/staging/stg_products.sql
[0m22:31:23.976425 [info ] [MainThread]: 
[0m22:31:23.976706 [info ] [MainThread]: Done. PASS=2 WARN=0 ERROR=1 SKIP=1 NO-OP=0 TOTAL=4
[0m22:31:23.977133 [warn ] [MainThread]: [[33mWARNING[0m][DeprecationsSummary]: Deprecated functionality
Summary of encountered deprecations:
- MissingArgumentsPropertyInGenericTestDeprecation: 4 occurrences
To see all deprecation instances instead of just the first occurrence of each,
run command again with the `--show-all-deprecations` flag. You may also need to
run with `--no-partial-parse` as some deprecations are only encountered during
parsing.
[0m22:31:23.979894 [debug] [MainThread]: Resource report: {"command_name": "run", "command_success": false, "command_wall_clock_time": 50.134953, "process_in_blocks": "0", "process_kernel_time": 0.353282, "process_mem_max_rss": "150896640", "process_out_blocks": "0", "process_user_time": 1.976988}
[0m22:31:23.980478 [debug] [MainThread]: Command `dbt run` failed at 22:31:23.980351 after 50.14 seconds
[0m22:31:23.980947 [debug] [MainThread]: Sending event: {'category': 'dbt', 'action': 'invocation', 'label': 'end', 'context': [<snowplow_tracker.self_describing_json.SelfDescribingJson object at 0x111368530>, <snowplow_tracker.self_describing_json.SelfDescribingJson object at 0x111a76480>, <snowplow_tracker.self_describing_json.SelfDescribingJson object at 0x111a76120>]}
[0m22:31:23.981395 [debug] [MainThread]: Flushing usage events
[0m22:31:24.981412 [debug] [MainThread]: An error was encountered while trying to flush usage events
[0m22:32:17.399136 [debug] [MainThread]: Sending event: {'category': 'dbt', 'action': 'invocation', 'label': 'start', 'context': [<snowplow_tracker.self_describing_json.SelfDescribingJson object at 0x107553bf0>, <snowplow_tracker.self_describing_json.SelfDescribingJson object at 0x1180322d0>, <snowplow_tracker.self_describing_json.SelfDescribingJson object at 0x118464140>]}


============================== 22:32:17.402964 | f75c191a-c110-4567-b59e-50681eb3314c ==============================
[0m22:32:17.402964 [info ] [MainThread]: Running with dbt=1.11.2
[0m22:32:17.403459 [debug] [MainThread]: running dbt with arguments {'warn_error': 'None', 'indirect_selection': 'eager', 'fail_fast': 'False', 'profiles_dir': '/Users/brendanwallace-nash/Documents/red_pandas_project/dbt/dbt', 'log_format': 'default', 'use_experimental_parser': 'False', 'static_parser': 'True', 'version_check': 'True', 'target_path': 'None', 'partial_parse': 'True', 'empty': 'None', 'use_colors': 'True', 'warn_error_options': 'WarnErrorOptionsV2(error=[], warn=[], silence=[])', 'invocation_command': 'dbt seed', 'no_print': 'None', 'quiet': 'False', 'write_json': 'True', 'printer_width': '80', 'debug': 'False', 'log_path': '/Users/brendanwallace-nash/Documents/red_pandas_project/dbt/dbt/logs', 'introspect': 'True', 'cache_selected_only': 'False', 'log_cache_events': 'False', 'send_anonymous_usage_stats': 'True'}
[0m22:32:17.529857 [debug] [MainThread]: Sending event: {'category': 'dbt', 'action': 'project_id', 'label': 'f75c191a-c110-4567-b59e-50681eb3314c', 'context': [<snowplow_tracker.self_describing_json.SelfDescribingJson object at 0x1188b32c0>]}
[0m22:32:17.572216 [debug] [MainThread]: Sending event: {'category': 'dbt', 'action': 'adapter_info', 'label': 'f75c191a-c110-4567-b59e-50681eb3314c', 'context': [<snowplow_tracker.self_describing_json.SelfDescribingJson object at 0x1074bba40>]}
[0m22:32:17.573183 [info ] [MainThread]: Registered adapter: postgres=1.10.0
[0m22:32:17.654548 [debug] [MainThread]: checksum: 3d40d8bbe1bef07db1c24822f2dbfff8bc07f2a48ed4fe2658a40653aec0b54b, vars: {}, profile: , target: , version: 1.11.2
[0m22:32:27.959292 [debug] [MainThread]: Partial parsing enabled: 0 files deleted, 0 files added, 0 files changed.
[0m22:32:27.959646 [debug] [MainThread]: Nothing changed, skipping partial parsing.
[0m22:32:27.959848 [debug] [MainThread]: Partial parsing enabled, no changes found, skipping parsing
[0m22:32:27.963767 [warn ] [MainThread]: [[33mWARNING[0m]: Configuration paths exist in your dbt_project.yml file which do not apply to any resources.
There are 2 unused configuration paths:
- models.red_pandas_project.reporting
- models.red_pandas_project.marts
[0m22:32:27.999078 [debug] [MainThread]: Sending event: {'category': 'dbt', 'action': 'load_project', 'label': 'f75c191a-c110-4567-b59e-50681eb3314c', 'context': [<snowplow_tracker.self_describing_json.SelfDescribingJson object at 0x1184676b0>]}
[0m22:32:28.069652 [debug] [MainThread]: Wrote artifact WritableManifest to /Users/brendanwallace-nash/Documents/red_pandas_project/dbt/dbt/target/manifest.json
[0m22:32:28.071193 [debug] [MainThread]: Wrote artifact SemanticManifest to /Users/brendanwallace-nash/Documents/red_pandas_project/dbt/dbt/target/semantic_manifest.json
[0m22:32:28.086778 [debug] [MainThread]: Sending event: {'category': 'dbt', 'action': 'resource_counts', 'label': 'f75c191a-c110-4567-b59e-50681eb3314c', 'context': [<snowplow_tracker.self_describing_json.SelfDescribingJson object at 0x118b21a90>]}
[0m22:32:28.087196 [info ] [MainThread]: Found 4 models, 1 seed, 29 data tests, 2 sources, 464 macros
[0m22:32:28.087525 [debug] [MainThread]: Sending event: {'category': 'dbt', 'action': 'runnable_timing', 'label': 'f75c191a-c110-4567-b59e-50681eb3314c', 'context': [<snowplow_tracker.self_describing_json.SelfDescribingJson object at 0x1182360f0>]}
[0m22:32:28.089065 [info ] [MainThread]: 
[0m22:32:28.089465 [info ] [MainThread]: Concurrency: 4 threads (target='dev')
[0m22:32:28.089777 [info ] [MainThread]: 
[0m22:32:28.090789 [debug] [MainThread]: Acquiring new postgres connection 'master'
[0m22:32:28.091451 [debug] [ThreadPool]: Acquiring new postgres connection 'list_postgres'
[0m22:32:28.133946 [debug] [ThreadPool]: Using postgres connection "list_postgres"
[0m22:32:28.134304 [debug] [ThreadPool]: On list_postgres: /* {"app": "dbt", "dbt_version": "1.11.2", "profile_name": "red_pandas_project", "target_name": "dev", "connection_name": "list_postgres"} */

    select distinct nspname from pg_namespace
  
[0m22:32:28.134522 [debug] [ThreadPool]: Opening a new connection, currently in state init
[0m22:32:28.180324 [debug] [ThreadPool]: SQL status: SELECT 7 in 0.046 seconds
[0m22:32:28.181395 [debug] [ThreadPool]: On list_postgres: Close
[0m22:32:28.181895 [debug] [ThreadPool]: Re-using an available connection from the pool (formerly list_postgres, now create_postgres_public_raw)
[0m22:32:28.182190 [debug] [ThreadPool]: Creating schema "database: "postgres"
schema: "public_raw"
"
[0m22:32:28.185595 [debug] [ThreadPool]: Using postgres connection "create_postgres_public_raw"
[0m22:32:28.185869 [debug] [ThreadPool]: On create_postgres_public_raw: /* {"app": "dbt", "dbt_version": "1.11.2", "profile_name": "red_pandas_project", "target_name": "dev", "connection_name": "create_postgres_public_raw"} */
create schema if not exists "public_raw"
[0m22:32:28.186106 [debug] [ThreadPool]: Opening a new connection, currently in state closed
[0m22:32:28.202440 [debug] [ThreadPool]: SQL status: CREATE SCHEMA in 0.016 seconds
[0m22:32:28.203198 [debug] [ThreadPool]: On create_postgres_public_raw: COMMIT
[0m22:32:28.203464 [debug] [ThreadPool]: Using postgres connection "create_postgres_public_raw"
[0m22:32:28.203663 [debug] [ThreadPool]: On create_postgres_public_raw: COMMIT
[0m22:32:28.210614 [debug] [ThreadPool]: SQL status: COMMIT in 0.007 seconds
[0m22:32:28.210831 [debug] [ThreadPool]: On create_postgres_public_raw: Close
[0m22:32:28.213663 [debug] [ThreadPool]: Re-using an available connection from the pool (formerly create_postgres_public_raw, now list_postgres_public_raw)
[0m22:32:28.213987 [debug] [ThreadPool]: Acquiring new postgres connection 'list_postgres_public_staging'
[0m22:32:28.217612 [debug] [ThreadPool]: Using postgres connection "list_postgres_public_raw"
[0m22:32:28.218810 [debug] [ThreadPool]: Using postgres connection "list_postgres_public_staging"
[0m22:32:28.219059 [debug] [ThreadPool]: On list_postgres_public_raw: /* {"app": "dbt", "dbt_version": "1.11.2", "profile_name": "red_pandas_project", "target_name": "dev", "connection_name": "list_postgres_public_raw"} */
select
      'postgres' as database,
      tablename as name,
      schemaname as schema,
      'table' as type
    from pg_tables
    where schemaname ilike 'public_raw'
    union all
    select
      'postgres' as database,
      viewname as name,
      schemaname as schema,
      'view' as type
    from pg_views
    where schemaname ilike 'public_raw'
    union all
    select
      'postgres' as database,
      matviewname as name,
      schemaname as schema,
      'materialized_view' as type
    from pg_matviews
    where schemaname ilike 'public_raw'
  
[0m22:32:28.219327 [debug] [ThreadPool]: On list_postgres_public_staging: /* {"app": "dbt", "dbt_version": "1.11.2", "profile_name": "red_pandas_project", "target_name": "dev", "connection_name": "list_postgres_public_staging"} */
select
      'postgres' as database,
      tablename as name,
      schemaname as schema,
      'table' as type
    from pg_tables
    where schemaname ilike 'public_staging'
    union all
    select
      'postgres' as database,
      viewname as name,
      schemaname as schema,
      'view' as type
    from pg_views
    where schemaname ilike 'public_staging'
    union all
    select
      'postgres' as database,
      matviewname as name,
      schemaname as schema,
      'materialized_view' as type
    from pg_matviews
    where schemaname ilike 'public_staging'
  
[0m22:32:28.219582 [debug] [ThreadPool]: Opening a new connection, currently in state closed
[0m22:32:28.219771 [debug] [ThreadPool]: Opening a new connection, currently in state init
[0m22:32:28.242970 [debug] [ThreadPool]: SQL status: SELECT 0 in 0.023 seconds
[0m22:32:28.243264 [debug] [ThreadPool]: SQL status: SELECT 2 in 0.023 seconds
[0m22:32:28.244408 [debug] [ThreadPool]: On list_postgres_public_raw: ROLLBACK
[0m22:32:28.245478 [debug] [ThreadPool]: On list_postgres_public_staging: ROLLBACK
[0m22:32:28.246965 [debug] [ThreadPool]: On list_postgres_public_raw: Close
[0m22:32:28.247202 [debug] [ThreadPool]: On list_postgres_public_staging: Close
[0m22:32:28.250659 [debug] [MainThread]: Using postgres connection "master"
[0m22:32:28.251057 [debug] [MainThread]: On master: /* {"app": "dbt", "dbt_version": "1.11.2", "profile_name": "red_pandas_project", "target_name": "dev", "connection_name": "master"} */
select distinct
        dependent_namespace.nspname as dependent_schema,
        dependent_class.relname as dependent_name,
        referenced_namespace.nspname as referenced_schema,
        referenced_class.relname as referenced_name

    -- Query for views: views are entries in pg_class with an entry in pg_rewrite, but we avoid
    -- a seq scan on pg_rewrite by leveraging the fact there is an "internal" row in pg_depend for
    -- the view...
    from pg_class as dependent_class
    join pg_namespace as dependent_namespace on dependent_namespace.oid = dependent_class.relnamespace
    join pg_depend as dependent_depend on dependent_depend.refobjid = dependent_class.oid
        and dependent_depend.classid = 'pg_rewrite'::regclass
        and dependent_depend.refclassid = 'pg_class'::regclass
        and dependent_depend.deptype = 'i'

    -- ... and via pg_depend (that has a row per column, hence the need for "distinct" above, and
    -- making sure to exclude the internal row to avoid a view appearing to depend on itself)...
    join pg_depend as joining_depend on joining_depend.objid = dependent_depend.objid
        and joining_depend.classid = 'pg_rewrite'::regclass
        and joining_depend.refclassid = 'pg_class'::regclass
        and joining_depend.refobjid != dependent_depend.refobjid

    -- ... we can find the tables they query from in pg_class, but excluding system tables. Note we
    -- don't need need to exclude _dependent_ system tables, because they only query from other
    -- system tables, and so are automatically excluded by excluding _referenced_ system tables
    join pg_class as referenced_class on referenced_class.oid = joining_depend.refobjid
    join pg_namespace as referenced_namespace on referenced_namespace.oid = referenced_class.relnamespace
        and referenced_namespace.nspname != 'information_schema'
        and referenced_namespace.nspname not like 'pg\_%'

    order by
        dependent_schema, dependent_name, referenced_schema, referenced_name;
[0m22:32:28.251428 [debug] [MainThread]: Opening a new connection, currently in state init
[0m22:32:28.272191 [debug] [MainThread]: SQL status: SELECT 2 in 0.021 seconds
[0m22:32:28.273388 [debug] [MainThread]: Sending event: {'category': 'dbt', 'action': 'runnable_timing', 'label': 'f75c191a-c110-4567-b59e-50681eb3314c', 'context': [<snowplow_tracker.self_describing_json.SelfDescribingJson object at 0x104f812b0>]}
[0m22:32:28.273786 [debug] [MainThread]: On master: ROLLBACK
[0m22:32:28.274938 [debug] [MainThread]: On master: COMMIT
[0m22:32:28.275293 [debug] [MainThread]: Using postgres connection "master"
[0m22:32:28.275559 [debug] [MainThread]: On master: COMMIT
[0m22:32:28.277069 [debug] [MainThread]: SQL status: COMMIT in 0.001 seconds
[0m22:32:28.277321 [debug] [MainThread]: On master: Close
[0m22:32:28.279371 [debug] [Thread-1 (]: Began running node seed.red_pandas_project.products
[0m22:32:28.279753 [info ] [Thread-1 (]: 1 of 1 START seed file public_raw.products ..................................... [RUN]
[0m22:32:28.280047 [debug] [Thread-1 (]: Re-using an available connection from the pool (formerly list_postgres_public_raw, now seed.red_pandas_project.products)
[0m22:32:28.280281 [debug] [Thread-1 (]: Began compiling node seed.red_pandas_project.products
[0m22:32:28.280498 [debug] [Thread-1 (]: Began executing node seed.red_pandas_project.products
[0m22:32:28.300076 [debug] [Thread-1 (]: Using postgres connection "seed.red_pandas_project.products"
[0m22:32:28.300455 [debug] [Thread-1 (]: On seed.red_pandas_project.products: /* {"app": "dbt", "dbt_version": "1.11.2", "profile_name": "red_pandas_project", "target_name": "dev", "node_id": "seed.red_pandas_project.products"} */

    create table "postgres"."public_raw"."products" ("product_id" integer,"product_name" text,"price" integer,"category" text)
  
[0m22:32:28.300688 [debug] [Thread-1 (]: Opening a new connection, currently in state closed
[0m22:32:28.326167 [debug] [Thread-1 (]: SQL status: CREATE TABLE in 0.025 seconds
[0m22:32:28.337910 [debug] [Thread-1 (]: Using postgres connection "seed.red_pandas_project.products"
[0m22:32:28.338285 [debug] [Thread-1 (]: On seed.red_pandas_project.products: 
          insert into "postgres"."public_raw"."products" ("product_id", "product_name", "price", "category") values
          (%s,%s,%s,%s),(%s,%s,%s,%s),(%s,%s,%s,%s),(%s,%s,%s,%s),(%s,%s,%s,%s)
      ...
[0m22:32:28.340376 [debug] [Thread-1 (]: SQL status: INSERT 0 5 in 0.002 seconds
[0m22:32:28.344173 [debug] [Thread-1 (]: Writing runtime SQL for node "seed.red_pandas_project.products"
[0m22:32:28.356824 [debug] [Thread-1 (]: On seed.red_pandas_project.products: COMMIT
[0m22:32:28.357213 [debug] [Thread-1 (]: Using postgres connection "seed.red_pandas_project.products"
[0m22:32:28.357457 [debug] [Thread-1 (]: On seed.red_pandas_project.products: COMMIT
[0m22:32:28.361453 [debug] [Thread-1 (]: SQL status: COMMIT in 0.004 seconds
[0m22:32:28.362649 [debug] [Thread-1 (]: On seed.red_pandas_project.products: Close
[0m22:32:28.364002 [debug] [Thread-1 (]: Sending event: {'category': 'dbt', 'action': 'run_model', 'label': 'f75c191a-c110-4567-b59e-50681eb3314c', 'context': [<snowplow_tracker.self_describing_json.SelfDescribingJson object at 0x104d4ce90>]}
[0m22:32:28.364406 [info ] [Thread-1 (]: 1 of 1 OK loaded seed file public_raw.products ................................. [[32mINSERT 5[0m in 0.08s]
[0m22:32:28.364793 [debug] [Thread-1 (]: Finished running node seed.red_pandas_project.products
[0m22:32:28.365663 [debug] [MainThread]: On master: COMMIT
[0m22:32:28.365899 [debug] [MainThread]: Using postgres connection "master"
[0m22:32:28.366081 [debug] [MainThread]: On master: COMMIT
[0m22:32:28.366249 [debug] [MainThread]: Opening a new connection, currently in state closed
[0m22:32:28.381367 [debug] [MainThread]: SQL status: COMMIT in 0.015 seconds
[0m22:32:28.381726 [debug] [MainThread]: On master: Close
[0m22:32:28.382034 [debug] [MainThread]: Connection 'master' was properly closed.
[0m22:32:28.382217 [debug] [MainThread]: Connection 'seed.red_pandas_project.products' was properly closed.
[0m22:32:28.382378 [debug] [MainThread]: Connection 'list_postgres_public_staging' was properly closed.
[0m22:32:28.382569 [info ] [MainThread]: 
[0m22:32:28.382779 [info ] [MainThread]: Finished running 1 seed in 0 hours 0 minutes and 0.29 seconds (0.29s).
[0m22:32:28.383252 [debug] [MainThread]: Command end result
[0m22:32:28.404543 [debug] [MainThread]: Wrote artifact WritableManifest to /Users/brendanwallace-nash/Documents/red_pandas_project/dbt/dbt/target/manifest.json
[0m22:32:28.405748 [debug] [MainThread]: Wrote artifact SemanticManifest to /Users/brendanwallace-nash/Documents/red_pandas_project/dbt/dbt/target/semantic_manifest.json
[0m22:32:28.409975 [debug] [MainThread]: Wrote artifact RunExecutionResult to /Users/brendanwallace-nash/Documents/red_pandas_project/dbt/dbt/target/run_results.json
[0m22:32:28.410227 [info ] [MainThread]: 
[0m22:32:28.410607 [info ] [MainThread]: [32mCompleted successfully[0m
[0m22:32:28.410885 [info ] [MainThread]: 
[0m22:32:28.411112 [info ] [MainThread]: Done. PASS=1 WARN=0 ERROR=0 SKIP=0 NO-OP=0 TOTAL=1
[0m22:32:28.413073 [debug] [MainThread]: Resource report: {"command_name": "seed", "command_success": true, "command_wall_clock_time": 15.740839, "process_in_blocks": "0", "process_kernel_time": 0.306039, "process_mem_max_rss": "146374656", "process_out_blocks": "0", "process_user_time": 1.504907}
[0m22:32:28.413495 [debug] [MainThread]: Command `dbt seed` succeeded at 22:32:28.413427 after 15.74 seconds
[0m22:32:28.413811 [debug] [MainThread]: Sending event: {'category': 'dbt', 'action': 'invocation', 'label': 'end', 'context': [<snowplow_tracker.self_describing_json.SelfDescribingJson object at 0x107553bf0>, <snowplow_tracker.self_describing_json.SelfDescribingJson object at 0x1183284d0>, <snowplow_tracker.self_describing_json.SelfDescribingJson object at 0x11895cef0>]}
[0m22:32:28.414095 [debug] [MainThread]: Flushing usage events
[0m22:32:29.378761 [debug] [MainThread]: An error was encountered while trying to flush usage events
[0m22:37:39.137043 [debug] [MainThread]: Sending event: {'category': 'dbt', 'action': 'invocation', 'label': 'start', 'context': [<snowplow_tracker.self_describing_json.SelfDescribingJson object at 0x103052120>, <snowplow_tracker.self_describing_json.SelfDescribingJson object at 0x104906000>, <snowplow_tracker.self_describing_json.SelfDescribingJson object at 0x104906030>]}


============================== 22:37:39.140985 | 7d1e2258-e6ff-49dd-81c1-1839a7f98105 ==============================
[0m22:37:39.140985 [info ] [MainThread]: Running with dbt=1.11.2
[0m22:37:39.141437 [debug] [MainThread]: running dbt with arguments {'fail_fast': 'False', 'partial_parse': 'True', 'log_cache_events': 'False', 'send_anonymous_usage_stats': 'True', 'empty': 'None', 'introspect': 'True', 'debug': 'False', 'warn_error': 'None', 'static_parser': 'True', 'no_print': 'None', 'profiles_dir': '/Users/brendanwallace-nash/Documents/red_pandas_project/dbt/dbt', 'invocation_command': 'dbt seed', 'indirect_selection': 'eager', 'warn_error_options': 'WarnErrorOptionsV2(error=[], warn=[], silence=[])', 'use_colors': 'True', 'printer_width': '80', 'write_json': 'True', 'log_path': '/Users/brendanwallace-nash/Documents/red_pandas_project/dbt/dbt/logs', 'log_format': 'default', 'target_path': 'None', 'use_experimental_parser': 'False', 'cache_selected_only': 'False', 'quiet': 'False', 'version_check': 'True'}
[0m22:37:39.266430 [debug] [MainThread]: Sending event: {'category': 'dbt', 'action': 'project_id', 'label': '7d1e2258-e6ff-49dd-81c1-1839a7f98105', 'context': [<snowplow_tracker.self_describing_json.SelfDescribingJson object at 0x103149a60>]}
[0m22:37:39.306954 [debug] [MainThread]: Sending event: {'category': 'dbt', 'action': 'adapter_info', 'label': '7d1e2258-e6ff-49dd-81c1-1839a7f98105', 'context': [<snowplow_tracker.self_describing_json.SelfDescribingJson object at 0x105a8d790>]}
[0m22:37:39.307759 [info ] [MainThread]: Registered adapter: postgres=1.10.0
[0m22:37:39.389194 [debug] [MainThread]: checksum: 3d40d8bbe1bef07db1c24822f2dbfff8bc07f2a48ed4fe2658a40653aec0b54b, vars: {}, profile: , target: , version: 1.11.2
[0m22:37:39.496085 [debug] [MainThread]: Partial parsing enabled: 0 files deleted, 1 files added, 1 files changed.
[0m22:37:39.496567 [debug] [MainThread]: Partial parsing: added file: red_pandas_project://macros/generate_schema_name.sql
[0m22:37:39.497310 [debug] [MainThread]: Partial parsing: updated file: red_pandas_project://models/staging/stg_orders.sql
[0m22:37:39.497674 [debug] [MainThread]: Partial parsing: updated file: red_pandas_project://models/staging/source.yml
[0m22:37:39.499445 [info ] [MainThread]: Unable to do partial parsing because change detected to override macro. Starting full parse.
[0m22:37:40.218384 [warn ] [MainThread]: [[33mWARNING[0m][MissingArgumentsPropertyInGenericTestDeprecation]: Deprecated
functionality
Found top-level arguments to test `accepted_values` defined on 'stg_customer' in
package 'red_pandas_project' (models/staging/source.yml). Arguments to generic
tests should be nested under the `arguments` property.
[0m22:37:40.218846 [debug] [MainThread]: Sending event: {'category': 'dbt', 'action': 'deprecation', 'label': '7d1e2258-e6ff-49dd-81c1-1839a7f98105', 'property_': 'warn', 'context': [<snowplow_tracker.self_describing_json.SelfDescribingJson object at 0x1064b6cf0>]}
[0m22:37:40.390996 [warn ] [MainThread]: [[33mWARNING[0m]: Configuration paths exist in your dbt_project.yml file which do not apply to any resources.
There are 2 unused configuration paths:
- models.red_pandas_project.reporting
- models.red_pandas_project.marts
[0m22:37:40.397291 [debug] [MainThread]: Sending event: {'category': 'dbt', 'action': 'load_project', 'label': '7d1e2258-e6ff-49dd-81c1-1839a7f98105', 'context': [<snowplow_tracker.self_describing_json.SelfDescribingJson object at 0x1065f7da0>]}
[0m22:37:40.462780 [debug] [MainThread]: Wrote artifact WritableManifest to /Users/brendanwallace-nash/Documents/red_pandas_project/dbt/dbt/target/manifest.json
[0m22:37:40.464730 [debug] [MainThread]: Wrote artifact SemanticManifest to /Users/brendanwallace-nash/Documents/red_pandas_project/dbt/dbt/target/semantic_manifest.json
[0m22:37:40.482753 [debug] [MainThread]: Sending event: {'category': 'dbt', 'action': 'resource_counts', 'label': '7d1e2258-e6ff-49dd-81c1-1839a7f98105', 'context': [<snowplow_tracker.self_describing_json.SelfDescribingJson object at 0x10628fe30>]}
[0m22:37:40.483107 [info ] [MainThread]: Found 4 models, 1 seed, 29 data tests, 2 sources, 465 macros
[0m22:37:40.483379 [debug] [MainThread]: Sending event: {'category': 'dbt', 'action': 'runnable_timing', 'label': '7d1e2258-e6ff-49dd-81c1-1839a7f98105', 'context': [<snowplow_tracker.self_describing_json.SelfDescribingJson object at 0x105ab3d70>]}
[0m22:37:40.484819 [info ] [MainThread]: 
[0m22:37:40.485140 [info ] [MainThread]: Concurrency: 4 threads (target='dev')
[0m22:37:40.485402 [info ] [MainThread]: 
[0m22:37:40.485807 [debug] [MainThread]: Acquiring new postgres connection 'master'
[0m22:37:40.486384 [debug] [ThreadPool]: Acquiring new postgres connection 'list_postgres'
[0m22:37:40.527597 [debug] [ThreadPool]: Using postgres connection "list_postgres"
[0m22:37:40.527967 [debug] [ThreadPool]: On list_postgres: /* {"app": "dbt", "dbt_version": "1.11.2", "profile_name": "red_pandas_project", "target_name": "dev", "connection_name": "list_postgres"} */

    select distinct nspname from pg_namespace
  
[0m22:37:40.528191 [debug] [ThreadPool]: Opening a new connection, currently in state init
[0m22:37:40.571839 [debug] [ThreadPool]: SQL status: SELECT 6 in 0.044 seconds
[0m22:37:40.572903 [debug] [ThreadPool]: On list_postgres: Close
[0m22:37:40.575746 [debug] [ThreadPool]: Re-using an available connection from the pool (formerly list_postgres, now list_postgres_raw)
[0m22:37:40.576083 [debug] [ThreadPool]: Acquiring new postgres connection 'list_postgres_staging'
[0m22:37:40.579681 [debug] [ThreadPool]: Using postgres connection "list_postgres_raw"
[0m22:37:40.580809 [debug] [ThreadPool]: Using postgres connection "list_postgres_staging"
[0m22:37:40.581056 [debug] [ThreadPool]: On list_postgres_raw: /* {"app": "dbt", "dbt_version": "1.11.2", "profile_name": "red_pandas_project", "target_name": "dev", "connection_name": "list_postgres_raw"} */
select
      'postgres' as database,
      tablename as name,
      schemaname as schema,
      'table' as type
    from pg_tables
    where schemaname ilike 'raw'
    union all
    select
      'postgres' as database,
      viewname as name,
      schemaname as schema,
      'view' as type
    from pg_views
    where schemaname ilike 'raw'
    union all
    select
      'postgres' as database,
      matviewname as name,
      schemaname as schema,
      'materialized_view' as type
    from pg_matviews
    where schemaname ilike 'raw'
  
[0m22:37:40.581295 [debug] [ThreadPool]: On list_postgres_staging: /* {"app": "dbt", "dbt_version": "1.11.2", "profile_name": "red_pandas_project", "target_name": "dev", "connection_name": "list_postgres_staging"} */
select
      'postgres' as database,
      tablename as name,
      schemaname as schema,
      'table' as type
    from pg_tables
    where schemaname ilike 'staging'
    union all
    select
      'postgres' as database,
      viewname as name,
      schemaname as schema,
      'view' as type
    from pg_views
    where schemaname ilike 'staging'
    union all
    select
      'postgres' as database,
      matviewname as name,
      schemaname as schema,
      'materialized_view' as type
    from pg_matviews
    where schemaname ilike 'staging'
  
[0m22:37:40.581495 [debug] [ThreadPool]: Opening a new connection, currently in state closed
[0m22:37:40.581666 [debug] [ThreadPool]: Opening a new connection, currently in state init
[0m22:37:40.606873 [debug] [ThreadPool]: SQL status: SELECT 2 in 0.025 seconds
[0m22:37:40.607197 [debug] [ThreadPool]: SQL status: SELECT 0 in 0.025 seconds
[0m22:37:40.608219 [debug] [ThreadPool]: On list_postgres_raw: ROLLBACK
[0m22:37:40.608963 [debug] [ThreadPool]: On list_postgres_staging: ROLLBACK
[0m22:37:40.610419 [debug] [ThreadPool]: On list_postgres_raw: Close
[0m22:37:40.610687 [debug] [ThreadPool]: On list_postgres_staging: Close
[0m22:37:40.614146 [debug] [MainThread]: Using postgres connection "master"
[0m22:37:40.614526 [debug] [MainThread]: On master: /* {"app": "dbt", "dbt_version": "1.11.2", "profile_name": "red_pandas_project", "target_name": "dev", "connection_name": "master"} */
select distinct
        dependent_namespace.nspname as dependent_schema,
        dependent_class.relname as dependent_name,
        referenced_namespace.nspname as referenced_schema,
        referenced_class.relname as referenced_name

    -- Query for views: views are entries in pg_class with an entry in pg_rewrite, but we avoid
    -- a seq scan on pg_rewrite by leveraging the fact there is an "internal" row in pg_depend for
    -- the view...
    from pg_class as dependent_class
    join pg_namespace as dependent_namespace on dependent_namespace.oid = dependent_class.relnamespace
    join pg_depend as dependent_depend on dependent_depend.refobjid = dependent_class.oid
        and dependent_depend.classid = 'pg_rewrite'::regclass
        and dependent_depend.refclassid = 'pg_class'::regclass
        and dependent_depend.deptype = 'i'

    -- ... and via pg_depend (that has a row per column, hence the need for "distinct" above, and
    -- making sure to exclude the internal row to avoid a view appearing to depend on itself)...
    join pg_depend as joining_depend on joining_depend.objid = dependent_depend.objid
        and joining_depend.classid = 'pg_rewrite'::regclass
        and joining_depend.refclassid = 'pg_class'::regclass
        and joining_depend.refobjid != dependent_depend.refobjid

    -- ... we can find the tables they query from in pg_class, but excluding system tables. Note we
    -- don't need need to exclude _dependent_ system tables, because they only query from other
    -- system tables, and so are automatically excluded by excluding _referenced_ system tables
    join pg_class as referenced_class on referenced_class.oid = joining_depend.refobjid
    join pg_namespace as referenced_namespace on referenced_namespace.oid = referenced_class.relnamespace
        and referenced_namespace.nspname != 'information_schema'
        and referenced_namespace.nspname not like 'pg\_%'

    order by
        dependent_schema, dependent_name, referenced_schema, referenced_name;
[0m22:37:40.614886 [debug] [MainThread]: Opening a new connection, currently in state init
[0m22:37:40.629568 [debug] [MainThread]: SQL status: SELECT 0 in 0.015 seconds
[0m22:37:40.630546 [debug] [MainThread]: Sending event: {'category': 'dbt', 'action': 'runnable_timing', 'label': '7d1e2258-e6ff-49dd-81c1-1839a7f98105', 'context': [<snowplow_tracker.self_describing_json.SelfDescribingJson object at 0x10676deb0>]}
[0m22:37:40.630901 [debug] [MainThread]: On master: ROLLBACK
[0m22:37:40.631584 [debug] [MainThread]: On master: COMMIT
[0m22:37:40.631795 [debug] [MainThread]: Using postgres connection "master"
[0m22:37:40.632069 [debug] [MainThread]: On master: COMMIT
[0m22:37:40.633056 [debug] [MainThread]: SQL status: COMMIT in 0.001 seconds
[0m22:37:40.633287 [debug] [MainThread]: On master: Close
[0m22:37:40.635193 [debug] [Thread-1 (]: Began running node seed.red_pandas_project.products
[0m22:37:40.635548 [info ] [Thread-1 (]: 1 of 1 START seed file raw.products ............................................ [RUN]
[0m22:37:40.635834 [debug] [Thread-1 (]: Re-using an available connection from the pool (formerly list_postgres_raw, now seed.red_pandas_project.products)
[0m22:37:40.636054 [debug] [Thread-1 (]: Began compiling node seed.red_pandas_project.products
[0m22:37:40.636264 [debug] [Thread-1 (]: Began executing node seed.red_pandas_project.products
[0m22:37:40.656453 [debug] [Thread-1 (]: Using postgres connection "seed.red_pandas_project.products"
[0m22:37:40.656851 [debug] [Thread-1 (]: On seed.red_pandas_project.products: /* {"app": "dbt", "dbt_version": "1.11.2", "profile_name": "red_pandas_project", "target_name": "dev", "node_id": "seed.red_pandas_project.products"} */

    create table "postgres"."raw"."products" ("product_id" integer,"product_name" text,"price" integer,"category" text)
  
[0m22:37:40.657085 [debug] [Thread-1 (]: Opening a new connection, currently in state closed
[0m22:37:40.680740 [debug] [Thread-1 (]: SQL status: CREATE TABLE in 0.024 seconds
[0m22:37:40.733929 [debug] [Thread-1 (]: Using postgres connection "seed.red_pandas_project.products"
[0m22:37:40.734389 [debug] [Thread-1 (]: On seed.red_pandas_project.products: 
          insert into "postgres"."raw"."products" ("product_id", "product_name", "price", "category") values
          (%s,%s,%s,%s),(%s,%s,%s,%s),(%s,%s,%s,%s),(%s,%s,%s,%s),(%s,%s,%s,%s)
      ...
[0m22:37:40.737597 [debug] [Thread-1 (]: SQL status: INSERT 0 5 in 0.003 seconds
[0m22:37:40.741424 [debug] [Thread-1 (]: Writing runtime SQL for node "seed.red_pandas_project.products"
[0m22:37:40.753155 [debug] [Thread-1 (]: On seed.red_pandas_project.products: COMMIT
[0m22:37:40.753511 [debug] [Thread-1 (]: Using postgres connection "seed.red_pandas_project.products"
[0m22:37:40.753751 [debug] [Thread-1 (]: On seed.red_pandas_project.products: COMMIT
[0m22:37:40.757023 [debug] [Thread-1 (]: SQL status: COMMIT in 0.003 seconds
[0m22:37:40.758516 [debug] [Thread-1 (]: On seed.red_pandas_project.products: Close
[0m22:37:40.759932 [debug] [Thread-1 (]: Sending event: {'category': 'dbt', 'action': 'run_model', 'label': '7d1e2258-e6ff-49dd-81c1-1839a7f98105', 'context': [<snowplow_tracker.self_describing_json.SelfDescribingJson object at 0x1048a5c70>]}
[0m22:37:40.760330 [info ] [Thread-1 (]: 1 of 1 OK loaded seed file raw.products ........................................ [[32mINSERT 5[0m in 0.12s]
[0m22:37:40.760926 [debug] [Thread-1 (]: Finished running node seed.red_pandas_project.products
[0m22:37:40.761868 [debug] [MainThread]: On master: COMMIT
[0m22:37:40.762176 [debug] [MainThread]: Using postgres connection "master"
[0m22:37:40.762372 [debug] [MainThread]: On master: COMMIT
[0m22:37:40.762551 [debug] [MainThread]: Opening a new connection, currently in state closed
[0m22:37:40.785217 [debug] [MainThread]: SQL status: COMMIT in 0.023 seconds
[0m22:37:40.785652 [debug] [MainThread]: On master: Close
[0m22:37:40.786249 [debug] [MainThread]: Connection 'master' was properly closed.
[0m22:37:40.786495 [debug] [MainThread]: Connection 'seed.red_pandas_project.products' was properly closed.
[0m22:37:40.786779 [debug] [MainThread]: Connection 'list_postgres_staging' was properly closed.
[0m22:37:40.787073 [info ] [MainThread]: 
[0m22:37:40.787370 [info ] [MainThread]: Finished running 1 seed in 0 hours 0 minutes and 0.30 seconds (0.30s).
[0m22:37:40.787800 [debug] [MainThread]: Command end result
[0m22:37:40.809856 [debug] [MainThread]: Wrote artifact WritableManifest to /Users/brendanwallace-nash/Documents/red_pandas_project/dbt/dbt/target/manifest.json
[0m22:37:40.811212 [debug] [MainThread]: Wrote artifact SemanticManifest to /Users/brendanwallace-nash/Documents/red_pandas_project/dbt/dbt/target/semantic_manifest.json
[0m22:37:40.815023 [debug] [MainThread]: Wrote artifact RunExecutionResult to /Users/brendanwallace-nash/Documents/red_pandas_project/dbt/dbt/target/run_results.json
[0m22:37:40.815339 [info ] [MainThread]: 
[0m22:37:40.815603 [info ] [MainThread]: [32mCompleted successfully[0m
[0m22:37:40.815810 [info ] [MainThread]: 
[0m22:37:40.816024 [info ] [MainThread]: Done. PASS=1 WARN=0 ERROR=0 SKIP=0 NO-OP=0 TOTAL=1
[0m22:37:40.816361 [warn ] [MainThread]: [[33mWARNING[0m][DeprecationsSummary]: Deprecated functionality
Summary of encountered deprecations:
- MissingArgumentsPropertyInGenericTestDeprecation: 4 occurrences
To see all deprecation instances instead of just the first occurrence of each,
run command again with the `--show-all-deprecations` flag. You may also need to
run with `--no-partial-parse` as some deprecations are only encountered during
parsing.
[0m22:37:40.819058 [debug] [MainThread]: Resource report: {"command_name": "seed", "command_success": true, "command_wall_clock_time": 1.7310104, "process_in_blocks": "0", "process_kernel_time": 0.353369, "process_mem_max_rss": "151961600", "process_out_blocks": "0", "process_user_time": 2.331851}
[0m22:37:40.819554 [debug] [MainThread]: Command `dbt seed` succeeded at 22:37:40.819475 after 1.73 seconds
[0m22:37:40.819827 [debug] [MainThread]: Sending event: {'category': 'dbt', 'action': 'invocation', 'label': 'end', 'context': [<snowplow_tracker.self_describing_json.SelfDescribingJson object at 0x100cc6cf0>, <snowplow_tracker.self_describing_json.SelfDescribingJson object at 0x106603cb0>, <snowplow_tracker.self_describing_json.SelfDescribingJson object at 0x106600470>]}
[0m22:37:40.820121 [debug] [MainThread]: Flushing usage events
[0m22:37:41.868426 [debug] [MainThread]: An error was encountered while trying to flush usage events
[0m22:37:43.162732 [debug] [MainThread]: Sending event: {'category': 'dbt', 'action': 'invocation', 'label': 'start', 'context': [<snowplow_tracker.self_describing_json.SelfDescribingJson object at 0x102b05c10>, <snowplow_tracker.self_describing_json.SelfDescribingJson object at 0x106104cb0>, <snowplow_tracker.self_describing_json.SelfDescribingJson object at 0x106105f10>]}


============================== 22:37:43.166823 | c38a5572-c88d-415f-b3be-fbbc4c40736b ==============================
[0m22:37:43.166823 [info ] [MainThread]: Running with dbt=1.11.2
[0m22:37:43.167284 [debug] [MainThread]: running dbt with arguments {'version_check': 'True', 'printer_width': '80', 'warn_error': 'None', 'partial_parse': 'True', 'write_json': 'True', 'profiles_dir': '/Users/brendanwallace-nash/Documents/red_pandas_project/dbt/dbt', 'no_print': 'None', 'static_parser': 'True', 'send_anonymous_usage_stats': 'True', 'use_experimental_parser': 'False', 'quiet': 'False', 'log_path': '/Users/brendanwallace-nash/Documents/red_pandas_project/dbt/dbt/logs', 'empty': 'False', 'fail_fast': 'False', 'indirect_selection': 'eager', 'debug': 'False', 'cache_selected_only': 'False', 'invocation_command': 'dbt run', 'log_format': 'default', 'target_path': 'None', 'warn_error_options': 'WarnErrorOptionsV2(error=[], warn=[], silence=[])', 'introspect': 'True', 'use_colors': 'True', 'log_cache_events': 'False'}
[0m22:37:43.284095 [debug] [MainThread]: Sending event: {'category': 'dbt', 'action': 'project_id', 'label': 'c38a5572-c88d-415f-b3be-fbbc4c40736b', 'context': [<snowplow_tracker.self_describing_json.SelfDescribingJson object at 0x10491d820>]}
[0m22:37:43.324478 [debug] [MainThread]: Sending event: {'category': 'dbt', 'action': 'adapter_info', 'label': 'c38a5572-c88d-415f-b3be-fbbc4c40736b', 'context': [<snowplow_tracker.self_describing_json.SelfDescribingJson object at 0x1071d5820>]}
[0m22:37:43.325216 [info ] [MainThread]: Registered adapter: postgres=1.10.0
[0m22:37:43.396068 [debug] [MainThread]: checksum: 3d40d8bbe1bef07db1c24822f2dbfff8bc07f2a48ed4fe2658a40653aec0b54b, vars: {}, profile: , target: , version: 1.11.2
[0m22:37:43.486251 [debug] [MainThread]: Partial parsing enabled: 0 files deleted, 0 files added, 0 files changed.
[0m22:37:43.486618 [debug] [MainThread]: Nothing changed, skipping partial parsing.
[0m22:37:43.486826 [debug] [MainThread]: Partial parsing enabled, no changes found, skipping parsing
[0m22:37:43.490476 [warn ] [MainThread]: [[33mWARNING[0m]: Configuration paths exist in your dbt_project.yml file which do not apply to any resources.
There are 2 unused configuration paths:
- models.red_pandas_project.marts
- models.red_pandas_project.reporting
[0m22:37:43.522871 [debug] [MainThread]: Sending event: {'category': 'dbt', 'action': 'load_project', 'label': 'c38a5572-c88d-415f-b3be-fbbc4c40736b', 'context': [<snowplow_tracker.self_describing_json.SelfDescribingJson object at 0x1073e0110>]}
[0m22:37:43.587532 [debug] [MainThread]: Wrote artifact WritableManifest to /Users/brendanwallace-nash/Documents/red_pandas_project/dbt/dbt/target/manifest.json
[0m22:37:43.588966 [debug] [MainThread]: Wrote artifact SemanticManifest to /Users/brendanwallace-nash/Documents/red_pandas_project/dbt/dbt/target/semantic_manifest.json
[0m22:37:43.603393 [debug] [MainThread]: Sending event: {'category': 'dbt', 'action': 'resource_counts', 'label': 'c38a5572-c88d-415f-b3be-fbbc4c40736b', 'context': [<snowplow_tracker.self_describing_json.SelfDescribingJson object at 0x1073e1a60>]}
[0m22:37:43.603762 [info ] [MainThread]: Found 4 models, 1 seed, 29 data tests, 2 sources, 465 macros
[0m22:37:43.604040 [debug] [MainThread]: Sending event: {'category': 'dbt', 'action': 'runnable_timing', 'label': 'c38a5572-c88d-415f-b3be-fbbc4c40736b', 'context': [<snowplow_tracker.self_describing_json.SelfDescribingJson object at 0x107b78e90>]}
[0m22:37:43.605606 [info ] [MainThread]: 
[0m22:37:43.605866 [info ] [MainThread]: Concurrency: 4 threads (target='dev')
[0m22:37:43.606129 [info ] [MainThread]: 
[0m22:37:43.606635 [debug] [MainThread]: Acquiring new postgres connection 'master'
[0m22:37:43.609150 [debug] [ThreadPool]: Acquiring new postgres connection 'list_postgres'
[0m22:37:43.647802 [debug] [ThreadPool]: Using postgres connection "list_postgres"
[0m22:37:43.648164 [debug] [ThreadPool]: On list_postgres: /* {"app": "dbt", "dbt_version": "1.11.2", "profile_name": "red_pandas_project", "target_name": "dev", "connection_name": "list_postgres"} */

    select distinct nspname from pg_namespace
  
[0m22:37:43.648377 [debug] [ThreadPool]: Opening a new connection, currently in state init
[0m22:37:43.692387 [debug] [ThreadPool]: SQL status: SELECT 6 in 0.044 seconds
[0m22:37:43.693665 [debug] [ThreadPool]: On list_postgres: Close
[0m22:37:43.694219 [debug] [ThreadPool]: Re-using an available connection from the pool (formerly list_postgres, now create_postgres_staging)
[0m22:37:43.694532 [debug] [ThreadPool]: Creating schema "database: "postgres"
schema: "staging"
"
[0m22:37:43.697988 [debug] [ThreadPool]: Using postgres connection "create_postgres_staging"
[0m22:37:43.698261 [debug] [ThreadPool]: On create_postgres_staging: /* {"app": "dbt", "dbt_version": "1.11.2", "profile_name": "red_pandas_project", "target_name": "dev", "connection_name": "create_postgres_staging"} */
create schema if not exists "staging"
[0m22:37:43.698445 [debug] [ThreadPool]: Opening a new connection, currently in state closed
[0m22:37:43.716016 [debug] [ThreadPool]: SQL status: CREATE SCHEMA in 0.018 seconds
[0m22:37:43.716763 [debug] [ThreadPool]: On create_postgres_staging: COMMIT
[0m22:37:43.717048 [debug] [ThreadPool]: Using postgres connection "create_postgres_staging"
[0m22:37:43.717315 [debug] [ThreadPool]: On create_postgres_staging: COMMIT
[0m22:37:43.719200 [debug] [ThreadPool]: SQL status: COMMIT in 0.002 seconds
[0m22:37:43.719434 [debug] [ThreadPool]: On create_postgres_staging: Close
[0m22:37:43.725207 [debug] [ThreadPool]: Re-using an available connection from the pool (formerly create_postgres_staging, now list_postgres_raw)
[0m22:37:43.725576 [debug] [ThreadPool]: Acquiring new postgres connection 'list_postgres_staging'
[0m22:37:43.729224 [debug] [ThreadPool]: Using postgres connection "list_postgres_raw"
[0m22:37:43.731348 [debug] [ThreadPool]: Using postgres connection "list_postgres_staging"
[0m22:37:43.731744 [debug] [ThreadPool]: On list_postgres_raw: /* {"app": "dbt", "dbt_version": "1.11.2", "profile_name": "red_pandas_project", "target_name": "dev", "connection_name": "list_postgres_raw"} */
select
      'postgres' as database,
      tablename as name,
      schemaname as schema,
      'table' as type
    from pg_tables
    where schemaname ilike 'raw'
    union all
    select
      'postgres' as database,
      viewname as name,
      schemaname as schema,
      'view' as type
    from pg_views
    where schemaname ilike 'raw'
    union all
    select
      'postgres' as database,
      matviewname as name,
      schemaname as schema,
      'materialized_view' as type
    from pg_matviews
    where schemaname ilike 'raw'
  
[0m22:37:43.732079 [debug] [ThreadPool]: On list_postgres_staging: /* {"app": "dbt", "dbt_version": "1.11.2", "profile_name": "red_pandas_project", "target_name": "dev", "connection_name": "list_postgres_staging"} */
select
      'postgres' as database,
      tablename as name,
      schemaname as schema,
      'table' as type
    from pg_tables
    where schemaname ilike 'staging'
    union all
    select
      'postgres' as database,
      viewname as name,
      schemaname as schema,
      'view' as type
    from pg_views
    where schemaname ilike 'staging'
    union all
    select
      'postgres' as database,
      matviewname as name,
      schemaname as schema,
      'materialized_view' as type
    from pg_matviews
    where schemaname ilike 'staging'
  
[0m22:37:43.732342 [debug] [ThreadPool]: Opening a new connection, currently in state closed
[0m22:37:43.732627 [debug] [ThreadPool]: Opening a new connection, currently in state init
[0m22:37:43.752046 [debug] [ThreadPool]: SQL status: SELECT 3 in 0.020 seconds
[0m22:37:43.752422 [debug] [ThreadPool]: SQL status: SELECT 0 in 0.020 seconds
[0m22:37:43.753658 [debug] [ThreadPool]: On list_postgres_raw: ROLLBACK
[0m22:37:43.754645 [debug] [ThreadPool]: On list_postgres_staging: ROLLBACK
[0m22:37:43.755851 [debug] [ThreadPool]: On list_postgres_staging: Close
[0m22:37:43.756219 [debug] [ThreadPool]: On list_postgres_raw: Close
[0m22:37:43.760784 [debug] [MainThread]: Using postgres connection "master"
[0m22:37:43.761183 [debug] [MainThread]: On master: /* {"app": "dbt", "dbt_version": "1.11.2", "profile_name": "red_pandas_project", "target_name": "dev", "connection_name": "master"} */
select distinct
        dependent_namespace.nspname as dependent_schema,
        dependent_class.relname as dependent_name,
        referenced_namespace.nspname as referenced_schema,
        referenced_class.relname as referenced_name

    -- Query for views: views are entries in pg_class with an entry in pg_rewrite, but we avoid
    -- a seq scan on pg_rewrite by leveraging the fact there is an "internal" row in pg_depend for
    -- the view...
    from pg_class as dependent_class
    join pg_namespace as dependent_namespace on dependent_namespace.oid = dependent_class.relnamespace
    join pg_depend as dependent_depend on dependent_depend.refobjid = dependent_class.oid
        and dependent_depend.classid = 'pg_rewrite'::regclass
        and dependent_depend.refclassid = 'pg_class'::regclass
        and dependent_depend.deptype = 'i'

    -- ... and via pg_depend (that has a row per column, hence the need for "distinct" above, and
    -- making sure to exclude the internal row to avoid a view appearing to depend on itself)...
    join pg_depend as joining_depend on joining_depend.objid = dependent_depend.objid
        and joining_depend.classid = 'pg_rewrite'::regclass
        and joining_depend.refclassid = 'pg_class'::regclass
        and joining_depend.refobjid != dependent_depend.refobjid

    -- ... we can find the tables they query from in pg_class, but excluding system tables. Note we
    -- don't need need to exclude _dependent_ system tables, because they only query from other
    -- system tables, and so are automatically excluded by excluding _referenced_ system tables
    join pg_class as referenced_class on referenced_class.oid = joining_depend.refobjid
    join pg_namespace as referenced_namespace on referenced_namespace.oid = referenced_class.relnamespace
        and referenced_namespace.nspname != 'information_schema'
        and referenced_namespace.nspname not like 'pg\_%'

    order by
        dependent_schema, dependent_name, referenced_schema, referenced_name;
[0m22:37:43.761535 [debug] [MainThread]: Opening a new connection, currently in state init
[0m22:37:43.786710 [debug] [MainThread]: SQL status: SELECT 0 in 0.025 seconds
[0m22:37:43.787737 [debug] [MainThread]: Sending event: {'category': 'dbt', 'action': 'runnable_timing', 'label': 'c38a5572-c88d-415f-b3be-fbbc4c40736b', 'context': [<snowplow_tracker.self_describing_json.SelfDescribingJson object at 0x1072b3ec0>]}
[0m22:37:43.788222 [debug] [MainThread]: On master: ROLLBACK
[0m22:37:43.789072 [debug] [MainThread]: On master: COMMIT
[0m22:37:43.789365 [debug] [MainThread]: Using postgres connection "master"
[0m22:37:43.789585 [debug] [MainThread]: On master: COMMIT
[0m22:37:43.790560 [debug] [MainThread]: SQL status: COMMIT in 0.001 seconds
[0m22:37:43.790887 [debug] [MainThread]: On master: Close
[0m22:37:43.792790 [debug] [Thread-1 (]: Began running node model.red_pandas_project.stg_customer
[0m22:37:43.793073 [debug] [Thread-2 (]: Began running node model.red_pandas_project.stg_orders
[0m22:37:43.793339 [debug] [Thread-3 (]: Began running node model.red_pandas_project.stg_products
[0m22:37:43.793742 [info ] [Thread-1 (]: 1 of 4 START sql view model staging.stg_customer ............................... [RUN]
[0m22:37:43.794116 [info ] [Thread-2 (]: 2 of 4 START sql view model staging.stg_orders ................................. [RUN]
[0m22:37:43.794456 [info ] [Thread-3 (]: 3 of 4 START sql view model staging.stg_products ............................... [RUN]
[0m22:37:43.794769 [debug] [Thread-1 (]: Re-using an available connection from the pool (formerly list_postgres_raw, now model.red_pandas_project.stg_customer)
[0m22:37:43.795039 [debug] [Thread-2 (]: Re-using an available connection from the pool (formerly list_postgres_staging, now model.red_pandas_project.stg_orders)
[0m22:37:43.795341 [debug] [Thread-3 (]: Acquiring new postgres connection 'model.red_pandas_project.stg_products'
[0m22:37:43.795581 [debug] [Thread-1 (]: Began compiling node model.red_pandas_project.stg_customer
[0m22:37:43.795810 [debug] [Thread-2 (]: Began compiling node model.red_pandas_project.stg_orders
[0m22:37:43.796040 [debug] [Thread-3 (]: Began compiling node model.red_pandas_project.stg_products
[0m22:37:43.801180 [debug] [Thread-1 (]: Writing injected SQL for node "model.red_pandas_project.stg_customer"
[0m22:37:43.803224 [debug] [Thread-2 (]: Writing injected SQL for node "model.red_pandas_project.stg_orders"
[0m22:37:43.805353 [debug] [Thread-3 (]: Writing injected SQL for node "model.red_pandas_project.stg_products"
[0m22:37:43.826556 [debug] [Thread-3 (]: Began executing node model.red_pandas_project.stg_products
[0m22:37:43.827008 [debug] [Thread-1 (]: Began executing node model.red_pandas_project.stg_customer
[0m22:37:43.840609 [debug] [Thread-2 (]: Began executing node model.red_pandas_project.stg_orders
[0m22:37:43.848985 [debug] [Thread-3 (]: Writing runtime sql for node "model.red_pandas_project.stg_products"
[0m22:37:43.851133 [debug] [Thread-1 (]: Writing runtime sql for node "model.red_pandas_project.stg_customer"
[0m22:37:43.853260 [debug] [Thread-2 (]: Writing runtime sql for node "model.red_pandas_project.stg_orders"
[0m22:37:43.854017 [debug] [Thread-1 (]: Using postgres connection "model.red_pandas_project.stg_customer"
[0m22:37:43.854326 [debug] [Thread-3 (]: Using postgres connection "model.red_pandas_project.stg_products"
[0m22:37:43.854857 [debug] [Thread-1 (]: On model.red_pandas_project.stg_customer: /* {"app": "dbt", "dbt_version": "1.11.2", "profile_name": "red_pandas_project", "target_name": "dev", "node_id": "model.red_pandas_project.stg_customer"} */

  create view "postgres"."staging"."stg_customer__dbt_tmp"
    
    
  as (
    

with source as (
    select * from "postgres"."staging"."customer"
),

cleaned as (
    select
        id as customer_id,
        
        -- Parse created_time to timestamp
        -- Adjust the format based on your actual data format
        case 
            when created_time is not null 
            then created_time::timestamp
            else null
        end as created_at,
        
        -- Name fields
        trim(full_name) as full_name,
        trim(salulation) as salutation, 
        trim(first_name) as first_name,
        trim(last_name) as last_name,
        
        -- Address fields
        street_number,
        trim(street_name) as street_name,
        trim(city) as city,
        trim(postcode) as postcode,
        upper(trim(state)) as state,
        trim(full_address) as full_address
        
    from source
    
    -- Data quality filters
    where id is not null
        -- Add state validation if needed
        and (state is null or length(state) <= 2)
)

select * from cleaned
  );
[0m22:37:43.855404 [debug] [Thread-3 (]: On model.red_pandas_project.stg_products: /* {"app": "dbt", "dbt_version": "1.11.2", "profile_name": "red_pandas_project", "target_name": "dev", "node_id": "model.red_pandas_project.stg_products"} */

  create view "postgres"."staging"."stg_products__dbt_tmp"
    
    
  as (
    

with source as (
    select * from "postgres"."raw"."products"
),

cleaned as (
    select
        product_id::int             as product_id,
        trim(product_name)          as product_name,
        price::numeric(10,2)        as price,
        trim(category)              as category
    from source
)

select * from cleaned
  );
[0m22:37:43.855825 [debug] [Thread-2 (]: Using postgres connection "model.red_pandas_project.stg_orders"
[0m22:37:43.856151 [debug] [Thread-1 (]: Opening a new connection, currently in state closed
[0m22:37:43.856516 [debug] [Thread-3 (]: Opening a new connection, currently in state init
[0m22:37:43.856854 [debug] [Thread-2 (]: On model.red_pandas_project.stg_orders: /* {"app": "dbt", "dbt_version": "1.11.2", "profile_name": "red_pandas_project", "target_name": "dev", "node_id": "model.red_pandas_project.stg_orders"} */

  create view "postgres"."staging"."stg_orders__dbt_tmp"
    
    
  as (
    

with source as (
    select * from "postgres"."staging"."orders"
),

cleaned as (
    select
        id                                  as order_id,
        created_date::timestamp             as created_at,
        customer_id,
        order_products::jsonb               as order_products,
        order_quantity::jsonb               as order_quantity
    from source
    where id is not null
)

select * from cleaned
  );
[0m22:37:43.857381 [debug] [Thread-2 (]: Opening a new connection, currently in state closed
[0m22:37:43.887964 [debug] [Thread-3 (]: SQL status: CREATE VIEW in 0.031 seconds
[0m22:37:43.888392 [debug] [Thread-1 (]: Postgres adapter: Postgres error: relation "staging.customer" does not exist
LINE 10:     select * from "postgres"."staging"."customer"
                           ^

[0m22:37:43.893515 [debug] [Thread-3 (]: Using postgres connection "model.red_pandas_project.stg_products"
[0m22:37:43.893866 [debug] [Thread-2 (]: Postgres adapter: Postgres error: relation "staging.orders" does not exist
LINE 10:     select * from "postgres"."staging"."orders"
                           ^

[0m22:37:43.894225 [debug] [Thread-1 (]: On model.red_pandas_project.stg_customer: ROLLBACK
[0m22:37:43.894484 [debug] [Thread-3 (]: On model.red_pandas_project.stg_products: /* {"app": "dbt", "dbt_version": "1.11.2", "profile_name": "red_pandas_project", "target_name": "dev", "node_id": "model.red_pandas_project.stg_products"} */
alter table "postgres"."staging"."stg_products__dbt_tmp" rename to "stg_products"
[0m22:37:43.894712 [debug] [Thread-2 (]: On model.red_pandas_project.stg_orders: ROLLBACK
[0m22:37:43.896287 [debug] [Thread-1 (]: On model.red_pandas_project.stg_customer: Close
[0m22:37:43.896527 [debug] [Thread-3 (]: SQL status: ALTER TABLE in 0.002 seconds
[0m22:37:43.896853 [debug] [Thread-2 (]: On model.red_pandas_project.stg_orders: Close
[0m22:37:43.907129 [debug] [Thread-3 (]: On model.red_pandas_project.stg_products: COMMIT
[0m22:37:43.907618 [debug] [Thread-3 (]: Using postgres connection "model.red_pandas_project.stg_products"
[0m22:37:43.908706 [debug] [Thread-3 (]: On model.red_pandas_project.stg_products: COMMIT
[0m22:37:43.913351 [debug] [Thread-3 (]: SQL status: COMMIT in 0.004 seconds
[0m22:37:43.914418 [debug] [Thread-1 (]: Database Error in model stg_customer (models/staging/stg_customer.sql)
  relation "staging.customer" does not exist
  LINE 10:     select * from "postgres"."staging"."customer"
                             ^
  compiled code at target/run/red_pandas_project/models/staging/stg_customer.sql
[0m22:37:43.915333 [debug] [Thread-2 (]: Database Error in model stg_orders (models/staging/stg_orders.sql)
  relation "staging.orders" does not exist
  LINE 10:     select * from "postgres"."staging"."orders"
                             ^
  compiled code at target/run/red_pandas_project/models/staging/stg_orders.sql
[0m22:37:43.919484 [debug] [Thread-3 (]: Applying DROP to: "postgres"."staging"."stg_products__dbt_backup"
[0m22:37:43.924092 [debug] [Thread-3 (]: Using postgres connection "model.red_pandas_project.stg_products"
[0m22:37:43.924441 [debug] [Thread-1 (]: Sending event: {'category': 'dbt', 'action': 'run_model', 'label': 'c38a5572-c88d-415f-b3be-fbbc4c40736b', 'context': [<snowplow_tracker.self_describing_json.SelfDescribingJson object at 0x107fe81a0>]}
[0m22:37:43.924746 [debug] [Thread-2 (]: Sending event: {'category': 'dbt', 'action': 'run_model', 'label': 'c38a5572-c88d-415f-b3be-fbbc4c40736b', 'context': [<snowplow_tracker.self_describing_json.SelfDescribingJson object at 0x1060a61e0>]}
[0m22:37:43.925163 [debug] [Thread-3 (]: On model.red_pandas_project.stg_products: /* {"app": "dbt", "dbt_version": "1.11.2", "profile_name": "red_pandas_project", "target_name": "dev", "node_id": "model.red_pandas_project.stg_products"} */
drop view if exists "postgres"."staging"."stg_products__dbt_backup" cascade
[0m22:37:43.925771 [error] [Thread-1 (]: 1 of 4 ERROR creating sql view model staging.stg_customer ...................... [[31mERROR[0m in 0.13s]
[0m22:37:43.926364 [error] [Thread-2 (]: 2 of 4 ERROR creating sql view model staging.stg_orders ........................ [[31mERROR[0m in 0.13s]
[0m22:37:43.926950 [debug] [Thread-1 (]: Finished running node model.red_pandas_project.stg_customer
[0m22:37:43.927374 [debug] [Thread-2 (]: Finished running node model.red_pandas_project.stg_orders
[0m22:37:43.927760 [debug] [Thread-7 (]: Marking all children of 'model.red_pandas_project.stg_customer' to be skipped because of status 'error'.  Reason: Database Error in model stg_customer (models/staging/stg_customer.sql)
  relation "staging.customer" does not exist
  LINE 10:     select * from "postgres"."staging"."customer"
                             ^
  compiled code at target/run/red_pandas_project/models/staging/stg_customer.sql.
[0m22:37:43.928093 [debug] [Thread-3 (]: SQL status: DROP VIEW in 0.001 seconds
[0m22:37:43.928820 [debug] [Thread-7 (]: Marking all children of 'model.red_pandas_project.stg_orders' to be skipped because of status 'error'.  Reason: Database Error in model stg_orders (models/staging/stg_orders.sql)
  relation "staging.orders" does not exist
  LINE 10:     select * from "postgres"."staging"."orders"
                             ^
  compiled code at target/run/red_pandas_project/models/staging/stg_orders.sql.
[0m22:37:43.930429 [debug] [Thread-3 (]: On model.red_pandas_project.stg_products: Close
[0m22:37:43.930925 [debug] [Thread-3 (]: Sending event: {'category': 'dbt', 'action': 'run_model', 'label': 'c38a5572-c88d-415f-b3be-fbbc4c40736b', 'context': [<snowplow_tracker.self_describing_json.SelfDescribingJson object at 0x108002a80>]}
[0m22:37:43.931319 [info ] [Thread-3 (]: 3 of 4 OK created sql view model staging.stg_products .......................... [[32mCREATE VIEW[0m in 0.14s]
[0m22:37:43.931669 [debug] [Thread-3 (]: Finished running node model.red_pandas_project.stg_products
[0m22:37:43.932043 [debug] [Thread-4 (]: Began running node model.red_pandas_project.stg_order_lines
[0m22:37:43.932413 [info ] [Thread-4 (]: 4 of 4 SKIP relation staging.stg_order_lines ................................... [[33mSKIP[0m]
[0m22:37:43.932710 [debug] [Thread-4 (]: Finished running node model.red_pandas_project.stg_order_lines
[0m22:37:43.933461 [debug] [MainThread]: On master: COMMIT
[0m22:37:43.933710 [debug] [MainThread]: Using postgres connection "master"
[0m22:37:43.933891 [debug] [MainThread]: On master: COMMIT
[0m22:37:43.934057 [debug] [MainThread]: Opening a new connection, currently in state closed
[0m22:37:43.952740 [debug] [MainThread]: SQL status: COMMIT in 0.019 seconds
[0m22:37:43.953107 [debug] [MainThread]: On master: Close
[0m22:37:43.953435 [debug] [MainThread]: Connection 'master' was properly closed.
[0m22:37:43.953625 [debug] [MainThread]: Connection 'model.red_pandas_project.stg_customer' was properly closed.
[0m22:37:43.953788 [debug] [MainThread]: Connection 'model.red_pandas_project.stg_orders' was properly closed.
[0m22:37:43.953948 [debug] [MainThread]: Connection 'model.red_pandas_project.stg_products' was properly closed.
[0m22:37:43.954190 [info ] [MainThread]: 
[0m22:37:43.954453 [info ] [MainThread]: Finished running 4 view models in 0 hours 0 minutes and 0.35 seconds (0.35s).
[0m22:37:43.955273 [debug] [MainThread]: Command end result
[0m22:37:44.013433 [debug] [MainThread]: Wrote artifact WritableManifest to /Users/brendanwallace-nash/Documents/red_pandas_project/dbt/dbt/target/manifest.json
[0m22:37:44.014711 [debug] [MainThread]: Wrote artifact SemanticManifest to /Users/brendanwallace-nash/Documents/red_pandas_project/dbt/dbt/target/semantic_manifest.json
[0m22:37:44.018788 [debug] [MainThread]: Wrote artifact RunExecutionResult to /Users/brendanwallace-nash/Documents/red_pandas_project/dbt/dbt/target/run_results.json
[0m22:37:44.019072 [info ] [MainThread]: 
[0m22:37:44.019325 [info ] [MainThread]: [31mCompleted with 2 errors, 0 partial successes, and 0 warnings:[0m
[0m22:37:44.019540 [info ] [MainThread]: 
[0m22:37:44.019794 [error] [MainThread]: [31mFailure in model stg_customer (models/staging/stg_customer.sql)[0m
[0m22:37:44.020037 [error] [MainThread]:   Database Error in model stg_customer (models/staging/stg_customer.sql)
  relation "staging.customer" does not exist
  LINE 10:     select * from "postgres"."staging"."customer"
                             ^
  compiled code at target/run/red_pandas_project/models/staging/stg_customer.sql
[0m22:37:44.020224 [info ] [MainThread]: 
[0m22:37:44.020441 [info ] [MainThread]:   compiled code at target/compiled/red_pandas_project/models/staging/stg_customer.sql
[0m22:37:44.020624 [info ] [MainThread]: 
[0m22:37:44.020846 [error] [MainThread]: [31mFailure in model stg_orders (models/staging/stg_orders.sql)[0m
[0m22:37:44.021072 [error] [MainThread]:   Database Error in model stg_orders (models/staging/stg_orders.sql)
  relation "staging.orders" does not exist
  LINE 10:     select * from "postgres"."staging"."orders"
                             ^
  compiled code at target/run/red_pandas_project/models/staging/stg_orders.sql
[0m22:37:44.021245 [info ] [MainThread]: 
[0m22:37:44.021440 [info ] [MainThread]:   compiled code at target/compiled/red_pandas_project/models/staging/stg_orders.sql
[0m22:37:44.021609 [info ] [MainThread]: 
[0m22:37:44.021828 [info ] [MainThread]: Done. PASS=1 WARN=0 ERROR=2 SKIP=1 NO-OP=0 TOTAL=4
[0m22:37:44.023762 [debug] [MainThread]: Resource report: {"command_name": "run", "command_success": false, "command_wall_clock_time": 0.90999997, "process_in_blocks": "0", "process_kernel_time": 0.298082, "process_mem_max_rss": "143769600", "process_out_blocks": "0", "process_user_time": 1.556135}
[0m22:37:44.024093 [debug] [MainThread]: Command `dbt run` failed at 22:37:44.024038 after 0.91 seconds
[0m22:37:44.024350 [debug] [MainThread]: Sending event: {'category': 'dbt', 'action': 'invocation', 'label': 'end', 'context': [<snowplow_tracker.self_describing_json.SelfDescribingJson object at 0x107beacc0>, <snowplow_tracker.self_describing_json.SelfDescribingJson object at 0x107bead50>, <snowplow_tracker.self_describing_json.SelfDescribingJson object at 0x107be9820>]}
[0m22:37:44.024724 [debug] [MainThread]: Flushing usage events
[0m22:37:44.975464 [debug] [MainThread]: An error was encountered while trying to flush usage events
[0m22:38:15.217154 [debug] [MainThread]: Sending event: {'category': 'dbt', 'action': 'invocation', 'label': 'start', 'context': [<snowplow_tracker.self_describing_json.SelfDescribingJson object at 0x10710fb60>, <snowplow_tracker.self_describing_json.SelfDescribingJson object at 0x1076ebbf0>, <snowplow_tracker.self_describing_json.SelfDescribingJson object at 0x1076ebf80>]}


============================== 22:38:15.221524 | 5da2bdfe-ebb4-4d65-960a-0e5bcdaabe75 ==============================
[0m22:38:15.221524 [info ] [MainThread]: Running with dbt=1.11.2
[0m22:38:15.221935 [debug] [MainThread]: running dbt with arguments {'use_colors': 'True', 'warn_error_options': 'WarnErrorOptionsV2(error=[], warn=[], silence=[])', 'invocation_command': 'dbt seed', 'empty': 'None', 'partial_parse': 'True', 'static_parser': 'True', 'version_check': 'True', 'introspect': 'True', 'profiles_dir': '/Users/brendanwallace-nash/Documents/red_pandas_project/dbt/dbt', 'indirect_selection': 'eager', 'target_path': 'None', 'printer_width': '80', 'quiet': 'False', 'cache_selected_only': 'False', 'log_cache_events': 'False', 'send_anonymous_usage_stats': 'True', 'no_print': 'None', 'warn_error': 'None', 'debug': 'False', 'log_path': '/Users/brendanwallace-nash/Documents/red_pandas_project/dbt/dbt/logs', 'write_json': 'True', 'use_experimental_parser': 'False', 'log_format': 'default', 'fail_fast': 'False'}
[0m22:38:15.342260 [debug] [MainThread]: Sending event: {'category': 'dbt', 'action': 'project_id', 'label': '5da2bdfe-ebb4-4d65-960a-0e5bcdaabe75', 'context': [<snowplow_tracker.self_describing_json.SelfDescribingJson object at 0x107721d30>]}
[0m22:38:15.380839 [debug] [MainThread]: Sending event: {'category': 'dbt', 'action': 'adapter_info', 'label': '5da2bdfe-ebb4-4d65-960a-0e5bcdaabe75', 'context': [<snowplow_tracker.self_describing_json.SelfDescribingJson object at 0x1076e8ef0>]}
[0m22:38:15.381927 [info ] [MainThread]: Registered adapter: postgres=1.10.0
[0m22:38:15.458264 [debug] [MainThread]: checksum: 3d40d8bbe1bef07db1c24822f2dbfff8bc07f2a48ed4fe2658a40653aec0b54b, vars: {}, profile: , target: , version: 1.11.2
[0m22:38:15.561713 [debug] [MainThread]: Partial parsing enabled: 0 files deleted, 0 files added, 1 files changed.
[0m22:38:15.562447 [debug] [MainThread]: Partial parsing: updated file: red_pandas_project://models/staging/stg_orders.sql
[0m22:38:15.562769 [debug] [MainThread]: Partial parsing: updated file: red_pandas_project://models/staging/source.yml
[0m22:38:15.787445 [warn ] [MainThread]: [[33mWARNING[0m][MissingArgumentsPropertyInGenericTestDeprecation]: Deprecated
functionality
Found top-level arguments to test `relationships` defined on 'stg_orders' in
package 'red_pandas_project' (models/staging/source.yml). Arguments to generic
tests should be nested under the `arguments` property.
[0m22:38:15.787911 [debug] [MainThread]: Sending event: {'category': 'dbt', 'action': 'deprecation', 'label': '5da2bdfe-ebb4-4d65-960a-0e5bcdaabe75', 'property_': 'warn', 'context': [<snowplow_tracker.self_describing_json.SelfDescribingJson object at 0x107bbe1b0>]}
[0m22:38:15.985810 [warn ] [MainThread]: [[33mWARNING[0m]: Configuration paths exist in your dbt_project.yml file which do not apply to any resources.
There are 2 unused configuration paths:
- models.red_pandas_project.reporting
- models.red_pandas_project.marts
[0m22:38:15.993013 [debug] [MainThread]: Sending event: {'category': 'dbt', 'action': 'load_project', 'label': '5da2bdfe-ebb4-4d65-960a-0e5bcdaabe75', 'context': [<snowplow_tracker.self_describing_json.SelfDescribingJson object at 0x10866c0b0>]}
[0m22:38:16.060384 [debug] [MainThread]: Wrote artifact WritableManifest to /Users/brendanwallace-nash/Documents/red_pandas_project/dbt/dbt/target/manifest.json
[0m22:38:16.061959 [debug] [MainThread]: Wrote artifact SemanticManifest to /Users/brendanwallace-nash/Documents/red_pandas_project/dbt/dbt/target/semantic_manifest.json
[0m22:38:16.078325 [debug] [MainThread]: Sending event: {'category': 'dbt', 'action': 'resource_counts', 'label': '5da2bdfe-ebb4-4d65-960a-0e5bcdaabe75', 'context': [<snowplow_tracker.self_describing_json.SelfDescribingJson object at 0x1086477a0>]}
[0m22:38:16.078702 [info ] [MainThread]: Found 4 models, 1 seed, 29 data tests, 2 sources, 465 macros
[0m22:38:16.079013 [debug] [MainThread]: Sending event: {'category': 'dbt', 'action': 'runnable_timing', 'label': '5da2bdfe-ebb4-4d65-960a-0e5bcdaabe75', 'context': [<snowplow_tracker.self_describing_json.SelfDescribingJson object at 0x108638200>]}
[0m22:38:16.080864 [info ] [MainThread]: 
[0m22:38:16.081196 [info ] [MainThread]: Concurrency: 4 threads (target='dev')
[0m22:38:16.081501 [info ] [MainThread]: 
[0m22:38:16.081933 [debug] [MainThread]: Acquiring new postgres connection 'master'
[0m22:38:16.082716 [debug] [ThreadPool]: Acquiring new postgres connection 'list_postgres'
[0m22:38:16.124038 [debug] [ThreadPool]: Using postgres connection "list_postgres"
[0m22:38:16.124432 [debug] [ThreadPool]: On list_postgres: /* {"app": "dbt", "dbt_version": "1.11.2", "profile_name": "red_pandas_project", "target_name": "dev", "connection_name": "list_postgres"} */

    select distinct nspname from pg_namespace
  
[0m22:38:16.124641 [debug] [ThreadPool]: Opening a new connection, currently in state init
[0m22:38:16.167470 [debug] [ThreadPool]: SQL status: SELECT 7 in 0.043 seconds
[0m22:38:16.168607 [debug] [ThreadPool]: On list_postgres: Close
[0m22:38:16.171594 [debug] [ThreadPool]: Re-using an available connection from the pool (formerly list_postgres, now list_postgres_staging)
[0m22:38:16.171997 [debug] [ThreadPool]: Acquiring new postgres connection 'list_postgres_raw'
[0m22:38:16.176004 [debug] [ThreadPool]: Using postgres connection "list_postgres_staging"
[0m22:38:16.177351 [debug] [ThreadPool]: Using postgres connection "list_postgres_raw"
[0m22:38:16.177744 [debug] [ThreadPool]: On list_postgres_staging: /* {"app": "dbt", "dbt_version": "1.11.2", "profile_name": "red_pandas_project", "target_name": "dev", "connection_name": "list_postgres_staging"} */
select
      'postgres' as database,
      tablename as name,
      schemaname as schema,
      'table' as type
    from pg_tables
    where schemaname ilike 'staging'
    union all
    select
      'postgres' as database,
      viewname as name,
      schemaname as schema,
      'view' as type
    from pg_views
    where schemaname ilike 'staging'
    union all
    select
      'postgres' as database,
      matviewname as name,
      schemaname as schema,
      'materialized_view' as type
    from pg_matviews
    where schemaname ilike 'staging'
  
[0m22:38:16.178062 [debug] [ThreadPool]: On list_postgres_raw: /* {"app": "dbt", "dbt_version": "1.11.2", "profile_name": "red_pandas_project", "target_name": "dev", "connection_name": "list_postgres_raw"} */
select
      'postgres' as database,
      tablename as name,
      schemaname as schema,
      'table' as type
    from pg_tables
    where schemaname ilike 'raw'
    union all
    select
      'postgres' as database,
      viewname as name,
      schemaname as schema,
      'view' as type
    from pg_views
    where schemaname ilike 'raw'
    union all
    select
      'postgres' as database,
      matviewname as name,
      schemaname as schema,
      'materialized_view' as type
    from pg_matviews
    where schemaname ilike 'raw'
  
[0m22:38:16.178336 [debug] [ThreadPool]: Opening a new connection, currently in state closed
[0m22:38:16.179382 [debug] [ThreadPool]: Opening a new connection, currently in state init
[0m22:38:16.209791 [debug] [ThreadPool]: SQL status: SELECT 1 in 0.031 seconds
[0m22:38:16.210105 [debug] [ThreadPool]: SQL status: SELECT 3 in 0.031 seconds
[0m22:38:16.211142 [debug] [ThreadPool]: On list_postgres_staging: ROLLBACK
[0m22:38:16.215424 [debug] [ThreadPool]: On list_postgres_raw: ROLLBACK
[0m22:38:16.216665 [debug] [ThreadPool]: On list_postgres_staging: Close
[0m22:38:16.216874 [debug] [ThreadPool]: On list_postgres_raw: Close
[0m22:38:16.220906 [debug] [MainThread]: Using postgres connection "master"
[0m22:38:16.221303 [debug] [MainThread]: On master: /* {"app": "dbt", "dbt_version": "1.11.2", "profile_name": "red_pandas_project", "target_name": "dev", "connection_name": "master"} */
select distinct
        dependent_namespace.nspname as dependent_schema,
        dependent_class.relname as dependent_name,
        referenced_namespace.nspname as referenced_schema,
        referenced_class.relname as referenced_name

    -- Query for views: views are entries in pg_class with an entry in pg_rewrite, but we avoid
    -- a seq scan on pg_rewrite by leveraging the fact there is an "internal" row in pg_depend for
    -- the view...
    from pg_class as dependent_class
    join pg_namespace as dependent_namespace on dependent_namespace.oid = dependent_class.relnamespace
    join pg_depend as dependent_depend on dependent_depend.refobjid = dependent_class.oid
        and dependent_depend.classid = 'pg_rewrite'::regclass
        and dependent_depend.refclassid = 'pg_class'::regclass
        and dependent_depend.deptype = 'i'

    -- ... and via pg_depend (that has a row per column, hence the need for "distinct" above, and
    -- making sure to exclude the internal row to avoid a view appearing to depend on itself)...
    join pg_depend as joining_depend on joining_depend.objid = dependent_depend.objid
        and joining_depend.classid = 'pg_rewrite'::regclass
        and joining_depend.refclassid = 'pg_class'::regclass
        and joining_depend.refobjid != dependent_depend.refobjid

    -- ... we can find the tables they query from in pg_class, but excluding system tables. Note we
    -- don't need need to exclude _dependent_ system tables, because they only query from other
    -- system tables, and so are automatically excluded by excluding _referenced_ system tables
    join pg_class as referenced_class on referenced_class.oid = joining_depend.refobjid
    join pg_namespace as referenced_namespace on referenced_namespace.oid = referenced_class.relnamespace
        and referenced_namespace.nspname != 'information_schema'
        and referenced_namespace.nspname not like 'pg\_%'

    order by
        dependent_schema, dependent_name, referenced_schema, referenced_name;
[0m22:38:16.221658 [debug] [MainThread]: Opening a new connection, currently in state init
[0m22:38:16.236353 [debug] [MainThread]: SQL status: SELECT 1 in 0.015 seconds
[0m22:38:16.237365 [debug] [MainThread]: Sending event: {'category': 'dbt', 'action': 'runnable_timing', 'label': '5da2bdfe-ebb4-4d65-960a-0e5bcdaabe75', 'context': [<snowplow_tracker.self_describing_json.SelfDescribingJson object at 0x10886b8c0>]}
[0m22:38:16.237688 [debug] [MainThread]: On master: ROLLBACK
[0m22:38:16.238741 [debug] [MainThread]: On master: COMMIT
[0m22:38:16.239329 [debug] [MainThread]: Using postgres connection "master"
[0m22:38:16.239588 [debug] [MainThread]: On master: COMMIT
[0m22:38:16.240815 [debug] [MainThread]: SQL status: COMMIT in 0.001 seconds
[0m22:38:16.241046 [debug] [MainThread]: On master: Close
[0m22:38:16.243063 [debug] [Thread-1 (]: Began running node seed.red_pandas_project.products
[0m22:38:16.243430 [info ] [Thread-1 (]: 1 of 1 START seed file raw.products ............................................ [RUN]
[0m22:38:16.243728 [debug] [Thread-1 (]: Re-using an available connection from the pool (formerly list_postgres_staging, now seed.red_pandas_project.products)
[0m22:38:16.243949 [debug] [Thread-1 (]: Began compiling node seed.red_pandas_project.products
[0m22:38:16.244167 [debug] [Thread-1 (]: Began executing node seed.red_pandas_project.products
[0m22:38:16.265745 [debug] [Thread-1 (]: Using postgres connection "seed.red_pandas_project.products"
[0m22:38:16.266151 [debug] [Thread-1 (]: On seed.red_pandas_project.products: /* {"app": "dbt", "dbt_version": "1.11.2", "profile_name": "red_pandas_project", "target_name": "dev", "node_id": "seed.red_pandas_project.products"} */
truncate table "postgres"."raw"."products"
[0m22:38:16.266465 [debug] [Thread-1 (]: Opening a new connection, currently in state closed
[0m22:38:16.283926 [debug] [Thread-1 (]: SQL status: TRUNCATE TABLE in 0.017 seconds
[0m22:38:16.295357 [debug] [Thread-1 (]: Using postgres connection "seed.red_pandas_project.products"
[0m22:38:16.295716 [debug] [Thread-1 (]: On seed.red_pandas_project.products: 
          insert into "postgres"."raw"."products" ("product_id", "product_name", "price", "category") values
          (%s,%s,%s,%s),(%s,%s,%s,%s),(%s,%s,%s,%s),(%s,%s,%s,%s),(%s,%s,%s,%s)
      ...
[0m22:38:16.299259 [debug] [Thread-1 (]: SQL status: INSERT 0 5 in 0.003 seconds
[0m22:38:16.302880 [debug] [Thread-1 (]: Writing runtime SQL for node "seed.red_pandas_project.products"
[0m22:38:16.312238 [debug] [Thread-1 (]: On seed.red_pandas_project.products: COMMIT
[0m22:38:16.312565 [debug] [Thread-1 (]: Using postgres connection "seed.red_pandas_project.products"
[0m22:38:16.312799 [debug] [Thread-1 (]: On seed.red_pandas_project.products: COMMIT
[0m22:38:16.317775 [debug] [Thread-1 (]: SQL status: COMMIT in 0.005 seconds
[0m22:38:16.319431 [debug] [Thread-1 (]: On seed.red_pandas_project.products: Close
[0m22:38:16.320860 [debug] [Thread-1 (]: Sending event: {'category': 'dbt', 'action': 'run_model', 'label': '5da2bdfe-ebb4-4d65-960a-0e5bcdaabe75', 'context': [<snowplow_tracker.self_describing_json.SelfDescribingJson object at 0x108aa4440>]}
[0m22:38:16.321232 [info ] [Thread-1 (]: 1 of 1 OK loaded seed file raw.products ........................................ [[32mINSERT 5[0m in 0.08s]
[0m22:38:16.321649 [debug] [Thread-1 (]: Finished running node seed.red_pandas_project.products
[0m22:38:16.322545 [debug] [MainThread]: On master: COMMIT
[0m22:38:16.322763 [debug] [MainThread]: Using postgres connection "master"
[0m22:38:16.323000 [debug] [MainThread]: On master: COMMIT
[0m22:38:16.323226 [debug] [MainThread]: Opening a new connection, currently in state closed
[0m22:38:16.342398 [debug] [MainThread]: SQL status: COMMIT in 0.019 seconds
[0m22:38:16.342889 [debug] [MainThread]: On master: Close
[0m22:38:16.343270 [debug] [MainThread]: Connection 'master' was properly closed.
[0m22:38:16.343473 [debug] [MainThread]: Connection 'seed.red_pandas_project.products' was properly closed.
[0m22:38:16.343641 [debug] [MainThread]: Connection 'list_postgres_raw' was properly closed.
[0m22:38:16.343832 [info ] [MainThread]: 
[0m22:38:16.344036 [info ] [MainThread]: Finished running 1 seed in 0 hours 0 minutes and 0.26 seconds (0.26s).
[0m22:38:16.344455 [debug] [MainThread]: Command end result
[0m22:38:16.365332 [debug] [MainThread]: Wrote artifact WritableManifest to /Users/brendanwallace-nash/Documents/red_pandas_project/dbt/dbt/target/manifest.json
[0m22:38:16.366594 [debug] [MainThread]: Wrote artifact SemanticManifest to /Users/brendanwallace-nash/Documents/red_pandas_project/dbt/dbt/target/semantic_manifest.json
[0m22:38:16.370109 [debug] [MainThread]: Wrote artifact RunExecutionResult to /Users/brendanwallace-nash/Documents/red_pandas_project/dbt/dbt/target/run_results.json
[0m22:38:16.370336 [info ] [MainThread]: 
[0m22:38:16.370588 [info ] [MainThread]: [32mCompleted successfully[0m
[0m22:38:16.370781 [info ] [MainThread]: 
[0m22:38:16.370989 [info ] [MainThread]: Done. PASS=1 WARN=0 ERROR=0 SKIP=0 NO-OP=0 TOTAL=1
[0m22:38:16.371318 [warn ] [MainThread]: [[33mWARNING[0m][DeprecationsSummary]: Deprecated functionality
Summary of encountered deprecations:
- MissingArgumentsPropertyInGenericTestDeprecation: 4 occurrences
To see all deprecation instances instead of just the first occurrence of each,
run command again with the `--show-all-deprecations` flag. You may also need to
run with `--no-partial-parse` as some deprecations are only encountered during
parsing.
[0m22:38:16.374014 [debug] [MainThread]: Resource report: {"command_name": "seed", "command_success": true, "command_wall_clock_time": 1.2054489, "process_in_blocks": "0", "process_kernel_time": 0.347549, "process_mem_max_rss": "149749760", "process_out_blocks": "0", "process_user_time": 1.835025}
[0m22:38:16.374446 [debug] [MainThread]: Command `dbt seed` succeeded at 22:38:16.374384 after 1.21 seconds
[0m22:38:16.374719 [debug] [MainThread]: Sending event: {'category': 'dbt', 'action': 'invocation', 'label': 'end', 'context': [<snowplow_tracker.self_describing_json.SelfDescribingJson object at 0x1076a0a70>, <snowplow_tracker.self_describing_json.SelfDescribingJson object at 0x10611aea0>, <snowplow_tracker.self_describing_json.SelfDescribingJson object at 0x108757d40>]}
[0m22:38:16.374986 [debug] [MainThread]: Flushing usage events
[0m22:38:17.321304 [debug] [MainThread]: An error was encountered while trying to flush usage events
[0m22:38:18.632952 [debug] [MainThread]: Sending event: {'category': 'dbt', 'action': 'invocation', 'label': 'start', 'context': [<snowplow_tracker.self_describing_json.SelfDescribingJson object at 0x1053668a0>, <snowplow_tracker.self_describing_json.SelfDescribingJson object at 0x1055339e0>, <snowplow_tracker.self_describing_json.SelfDescribingJson object at 0x104cce0c0>]}


============================== 22:38:18.637684 | 2f69d0ac-b35f-400c-9103-a6b8f61329bf ==============================
[0m22:38:18.637684 [info ] [MainThread]: Running with dbt=1.11.2
[0m22:38:18.638227 [debug] [MainThread]: running dbt with arguments {'static_parser': 'True', 'invocation_command': 'dbt run', 'warn_error_options': 'WarnErrorOptionsV2(error=[], warn=[], silence=[])', 'use_colors': 'True', 'target_path': 'None', 'warn_error': 'None', 'log_format': 'default', 'empty': 'False', 'partial_parse': 'True', 'introspect': 'True', 'use_experimental_parser': 'False', 'log_cache_events': 'False', 'send_anonymous_usage_stats': 'True', 'printer_width': '80', 'log_path': '/Users/brendanwallace-nash/Documents/red_pandas_project/dbt/dbt/logs', 'write_json': 'True', 'fail_fast': 'False', 'profiles_dir': '/Users/brendanwallace-nash/Documents/red_pandas_project/dbt/dbt', 'cache_selected_only': 'False', 'quiet': 'False', 'version_check': 'True', 'no_print': 'None', 'debug': 'False', 'indirect_selection': 'eager'}
[0m22:38:18.758381 [debug] [MainThread]: Sending event: {'category': 'dbt', 'action': 'project_id', 'label': '2f69d0ac-b35f-400c-9103-a6b8f61329bf', 'context': [<snowplow_tracker.self_describing_json.SelfDescribingJson object at 0x105cb87d0>]}
[0m22:38:18.799722 [debug] [MainThread]: Sending event: {'category': 'dbt', 'action': 'adapter_info', 'label': '2f69d0ac-b35f-400c-9103-a6b8f61329bf', 'context': [<snowplow_tracker.self_describing_json.SelfDescribingJson object at 0x105d69e80>]}
[0m22:38:18.800371 [info ] [MainThread]: Registered adapter: postgres=1.10.0
[0m22:38:18.875213 [debug] [MainThread]: checksum: 3d40d8bbe1bef07db1c24822f2dbfff8bc07f2a48ed4fe2658a40653aec0b54b, vars: {}, profile: , target: , version: 1.11.2
[0m22:38:18.972613 [debug] [MainThread]: Partial parsing enabled: 0 files deleted, 0 files added, 0 files changed.
[0m22:38:18.972975 [debug] [MainThread]: Nothing changed, skipping partial parsing.
[0m22:38:18.973185 [debug] [MainThread]: Partial parsing enabled, no changes found, skipping parsing
[0m22:38:18.977152 [warn ] [MainThread]: [[33mWARNING[0m]: Configuration paths exist in your dbt_project.yml file which do not apply to any resources.
There are 2 unused configuration paths:
- models.red_pandas_project.marts
- models.red_pandas_project.reporting
[0m22:38:19.011517 [debug] [MainThread]: Sending event: {'category': 'dbt', 'action': 'load_project', 'label': '2f69d0ac-b35f-400c-9103-a6b8f61329bf', 'context': [<snowplow_tracker.self_describing_json.SelfDescribingJson object at 0x107600980>]}
[0m22:38:19.078736 [debug] [MainThread]: Wrote artifact WritableManifest to /Users/brendanwallace-nash/Documents/red_pandas_project/dbt/dbt/target/manifest.json
[0m22:38:19.080451 [debug] [MainThread]: Wrote artifact SemanticManifest to /Users/brendanwallace-nash/Documents/red_pandas_project/dbt/dbt/target/semantic_manifest.json
[0m22:38:19.091887 [debug] [MainThread]: Sending event: {'category': 'dbt', 'action': 'resource_counts', 'label': '2f69d0ac-b35f-400c-9103-a6b8f61329bf', 'context': [<snowplow_tracker.self_describing_json.SelfDescribingJson object at 0x110706930>]}
[0m22:38:19.092245 [info ] [MainThread]: Found 4 models, 1 seed, 29 data tests, 2 sources, 465 macros
[0m22:38:19.092515 [debug] [MainThread]: Sending event: {'category': 'dbt', 'action': 'runnable_timing', 'label': '2f69d0ac-b35f-400c-9103-a6b8f61329bf', 'context': [<snowplow_tracker.self_describing_json.SelfDescribingJson object at 0x1106e42c0>]}
[0m22:38:19.094377 [info ] [MainThread]: 
[0m22:38:19.095893 [info ] [MainThread]: Concurrency: 4 threads (target='dev')
[0m22:38:19.096161 [info ] [MainThread]: 
[0m22:38:19.096563 [debug] [MainThread]: Acquiring new postgres connection 'master'
[0m22:38:19.099099 [debug] [ThreadPool]: Acquiring new postgres connection 'list_postgres'
[0m22:38:19.140153 [debug] [ThreadPool]: Using postgres connection "list_postgres"
[0m22:38:19.140523 [debug] [ThreadPool]: On list_postgres: /* {"app": "dbt", "dbt_version": "1.11.2", "profile_name": "red_pandas_project", "target_name": "dev", "connection_name": "list_postgres"} */

    select distinct nspname from pg_namespace
  
[0m22:38:19.140802 [debug] [ThreadPool]: Opening a new connection, currently in state init
[0m22:38:19.189501 [debug] [ThreadPool]: SQL status: SELECT 7 in 0.049 seconds
[0m22:38:19.190548 [debug] [ThreadPool]: On list_postgres: Close
[0m22:38:19.191501 [debug] [ThreadPool]: Re-using an available connection from the pool (formerly list_postgres, now list_postgres_raw)
[0m22:38:19.195360 [debug] [ThreadPool]: Using postgres connection "list_postgres_raw"
[0m22:38:19.195649 [debug] [ThreadPool]: Acquiring new postgres connection 'list_postgres_staging'
[0m22:38:19.195929 [debug] [ThreadPool]: On list_postgres_raw: /* {"app": "dbt", "dbt_version": "1.11.2", "profile_name": "red_pandas_project", "target_name": "dev", "connection_name": "list_postgres_raw"} */
select
      'postgres' as database,
      tablename as name,
      schemaname as schema,
      'table' as type
    from pg_tables
    where schemaname ilike 'raw'
    union all
    select
      'postgres' as database,
      viewname as name,
      schemaname as schema,
      'view' as type
    from pg_views
    where schemaname ilike 'raw'
    union all
    select
      'postgres' as database,
      matviewname as name,
      schemaname as schema,
      'materialized_view' as type
    from pg_matviews
    where schemaname ilike 'raw'
  
[0m22:38:19.197037 [debug] [ThreadPool]: Using postgres connection "list_postgres_staging"
[0m22:38:19.197248 [debug] [ThreadPool]: Opening a new connection, currently in state closed
[0m22:38:19.197461 [debug] [ThreadPool]: On list_postgres_staging: /* {"app": "dbt", "dbt_version": "1.11.2", "profile_name": "red_pandas_project", "target_name": "dev", "connection_name": "list_postgres_staging"} */
select
      'postgres' as database,
      tablename as name,
      schemaname as schema,
      'table' as type
    from pg_tables
    where schemaname ilike 'staging'
    union all
    select
      'postgres' as database,
      viewname as name,
      schemaname as schema,
      'view' as type
    from pg_views
    where schemaname ilike 'staging'
    union all
    select
      'postgres' as database,
      matviewname as name,
      schemaname as schema,
      'materialized_view' as type
    from pg_matviews
    where schemaname ilike 'staging'
  
[0m22:38:19.197873 [debug] [ThreadPool]: Opening a new connection, currently in state init
[0m22:38:19.224238 [debug] [ThreadPool]: SQL status: SELECT 3 in 0.027 seconds
[0m22:38:19.225297 [debug] [ThreadPool]: On list_postgres_raw: ROLLBACK
[0m22:38:19.225524 [debug] [ThreadPool]: SQL status: SELECT 1 in 0.028 seconds
[0m22:38:19.226393 [debug] [ThreadPool]: On list_postgres_staging: ROLLBACK
[0m22:38:19.226578 [debug] [ThreadPool]: On list_postgres_raw: Close
[0m22:38:19.227415 [debug] [ThreadPool]: On list_postgres_staging: Close
[0m22:38:19.230772 [debug] [MainThread]: Using postgres connection "master"
[0m22:38:19.231184 [debug] [MainThread]: On master: /* {"app": "dbt", "dbt_version": "1.11.2", "profile_name": "red_pandas_project", "target_name": "dev", "connection_name": "master"} */
select distinct
        dependent_namespace.nspname as dependent_schema,
        dependent_class.relname as dependent_name,
        referenced_namespace.nspname as referenced_schema,
        referenced_class.relname as referenced_name

    -- Query for views: views are entries in pg_class with an entry in pg_rewrite, but we avoid
    -- a seq scan on pg_rewrite by leveraging the fact there is an "internal" row in pg_depend for
    -- the view...
    from pg_class as dependent_class
    join pg_namespace as dependent_namespace on dependent_namespace.oid = dependent_class.relnamespace
    join pg_depend as dependent_depend on dependent_depend.refobjid = dependent_class.oid
        and dependent_depend.classid = 'pg_rewrite'::regclass
        and dependent_depend.refclassid = 'pg_class'::regclass
        and dependent_depend.deptype = 'i'

    -- ... and via pg_depend (that has a row per column, hence the need for "distinct" above, and
    -- making sure to exclude the internal row to avoid a view appearing to depend on itself)...
    join pg_depend as joining_depend on joining_depend.objid = dependent_depend.objid
        and joining_depend.classid = 'pg_rewrite'::regclass
        and joining_depend.refclassid = 'pg_class'::regclass
        and joining_depend.refobjid != dependent_depend.refobjid

    -- ... we can find the tables they query from in pg_class, but excluding system tables. Note we
    -- don't need need to exclude _dependent_ system tables, because they only query from other
    -- system tables, and so are automatically excluded by excluding _referenced_ system tables
    join pg_class as referenced_class on referenced_class.oid = joining_depend.refobjid
    join pg_namespace as referenced_namespace on referenced_namespace.oid = referenced_class.relnamespace
        and referenced_namespace.nspname != 'information_schema'
        and referenced_namespace.nspname not like 'pg\_%'

    order by
        dependent_schema, dependent_name, referenced_schema, referenced_name;
[0m22:38:19.231871 [debug] [MainThread]: Opening a new connection, currently in state init
[0m22:38:19.249053 [debug] [MainThread]: SQL status: SELECT 1 in 0.017 seconds
[0m22:38:19.250240 [debug] [MainThread]: Sending event: {'category': 'dbt', 'action': 'runnable_timing', 'label': '2f69d0ac-b35f-400c-9103-a6b8f61329bf', 'context': [<snowplow_tracker.self_describing_json.SelfDescribingJson object at 0x105cbb4d0>]}
[0m22:38:19.250583 [debug] [MainThread]: On master: ROLLBACK
[0m22:38:19.251353 [debug] [MainThread]: On master: COMMIT
[0m22:38:19.251581 [debug] [MainThread]: Using postgres connection "master"
[0m22:38:19.251764 [debug] [MainThread]: On master: COMMIT
[0m22:38:19.252654 [debug] [MainThread]: SQL status: COMMIT in 0.001 seconds
[0m22:38:19.252918 [debug] [MainThread]: On master: Close
[0m22:38:19.254685 [debug] [Thread-1 (]: Began running node model.red_pandas_project.stg_customer
[0m22:38:19.255160 [debug] [Thread-2 (]: Began running node model.red_pandas_project.stg_orders
[0m22:38:19.255482 [debug] [Thread-3 (]: Began running node model.red_pandas_project.stg_products
[0m22:38:19.255873 [info ] [Thread-1 (]: 1 of 4 START sql view model staging.stg_customer ............................... [RUN]
[0m22:38:19.256382 [info ] [Thread-2 (]: 2 of 4 START sql view model staging.stg_orders ................................. [RUN]
[0m22:38:19.256746 [info ] [Thread-3 (]: 3 of 4 START sql view model staging.stg_products ............................... [RUN]
[0m22:38:19.257090 [debug] [Thread-1 (]: Re-using an available connection from the pool (formerly list_postgres_raw, now model.red_pandas_project.stg_customer)
[0m22:38:19.257376 [debug] [Thread-2 (]: Re-using an available connection from the pool (formerly list_postgres_staging, now model.red_pandas_project.stg_orders)
[0m22:38:19.257779 [debug] [Thread-3 (]: Acquiring new postgres connection 'model.red_pandas_project.stg_products'
[0m22:38:19.258117 [debug] [Thread-1 (]: Began compiling node model.red_pandas_project.stg_customer
[0m22:38:19.258502 [debug] [Thread-2 (]: Began compiling node model.red_pandas_project.stg_orders
[0m22:38:19.258856 [debug] [Thread-3 (]: Began compiling node model.red_pandas_project.stg_products
[0m22:38:19.263897 [debug] [Thread-1 (]: Writing injected SQL for node "model.red_pandas_project.stg_customer"
[0m22:38:19.265732 [debug] [Thread-2 (]: Writing injected SQL for node "model.red_pandas_project.stg_orders"
[0m22:38:19.267451 [debug] [Thread-3 (]: Writing injected SQL for node "model.red_pandas_project.stg_products"
[0m22:38:19.268326 [debug] [Thread-1 (]: Began executing node model.red_pandas_project.stg_customer
[0m22:38:19.268633 [debug] [Thread-2 (]: Began executing node model.red_pandas_project.stg_orders
[0m22:38:19.291725 [debug] [Thread-1 (]: Writing runtime sql for node "model.red_pandas_project.stg_customer"
[0m22:38:19.292191 [debug] [Thread-3 (]: Began executing node model.red_pandas_project.stg_products
[0m22:38:19.295531 [debug] [Thread-2 (]: Writing runtime sql for node "model.red_pandas_project.stg_orders"
[0m22:38:19.297664 [debug] [Thread-3 (]: Writing runtime sql for node "model.red_pandas_project.stg_products"
[0m22:38:19.298365 [debug] [Thread-1 (]: Using postgres connection "model.red_pandas_project.stg_customer"
[0m22:38:19.298919 [debug] [Thread-2 (]: Using postgres connection "model.red_pandas_project.stg_orders"
[0m22:38:19.299251 [debug] [Thread-1 (]: On model.red_pandas_project.stg_customer: /* {"app": "dbt", "dbt_version": "1.11.2", "profile_name": "red_pandas_project", "target_name": "dev", "node_id": "model.red_pandas_project.stg_customer"} */

  create view "postgres"."staging"."stg_customer__dbt_tmp"
    
    
  as (
    

with source as (
    select * from "postgres"."raw"."customer"
),

cleaned as (
    select
        id as customer_id,
        
        -- Parse created_time to timestamp
        -- Adjust the format based on your actual data format
        case 
            when created_time is not null 
            then created_time::timestamp
            else null
        end as created_at,
        
        -- Name fields
        trim(full_name) as full_name,
        trim(salulation) as salutation, 
        trim(first_name) as first_name,
        trim(last_name) as last_name,
        
        -- Address fields
        street_number,
        trim(street_name) as street_name,
        trim(city) as city,
        trim(postcode) as postcode,
        upper(trim(state)) as state,
        trim(full_address) as full_address
        
    from source
    
    -- Data quality filters
    where id is not null
        -- Add state validation if needed
        and (state is null or length(state) <= 2)
)

select * from cleaned
  );
[0m22:38:19.299865 [debug] [Thread-2 (]: On model.red_pandas_project.stg_orders: /* {"app": "dbt", "dbt_version": "1.11.2", "profile_name": "red_pandas_project", "target_name": "dev", "node_id": "model.red_pandas_project.stg_orders"} */

  create view "postgres"."staging"."stg_orders__dbt_tmp"
    
    
  as (
    

with source as (
    select * from "postgres"."raw"."orders"
),

cleaned as (
    select
        id                                  as order_id,
        created_date::timestamp             as created_at,
        customer_id,
        order_products::jsonb               as order_products,
        order_quantity::jsonb               as order_quantity
    from source
    where id is not null
)

select * from cleaned
  );
[0m22:38:19.300143 [debug] [Thread-3 (]: Using postgres connection "model.red_pandas_project.stg_products"
[0m22:38:19.300379 [debug] [Thread-1 (]: Opening a new connection, currently in state closed
[0m22:38:19.300606 [debug] [Thread-2 (]: Opening a new connection, currently in state closed
[0m22:38:19.300837 [debug] [Thread-3 (]: On model.red_pandas_project.stg_products: /* {"app": "dbt", "dbt_version": "1.11.2", "profile_name": "red_pandas_project", "target_name": "dev", "node_id": "model.red_pandas_project.stg_products"} */

  create view "postgres"."staging"."stg_products__dbt_tmp"
    
    
  as (
    

with source as (
    select * from "postgres"."raw"."products"
),

cleaned as (
    select
        product_id::int             as product_id,
        trim(product_name)          as product_name,
        price::numeric(10,2)        as price,
        trim(category)              as category
    from source
)

select * from cleaned
  );
[0m22:38:19.301305 [debug] [Thread-3 (]: Opening a new connection, currently in state init
[0m22:38:19.329238 [debug] [Thread-2 (]: SQL status: CREATE VIEW in 0.029 seconds
[0m22:38:19.333537 [debug] [Thread-2 (]: Using postgres connection "model.red_pandas_project.stg_orders"
[0m22:38:19.333822 [debug] [Thread-1 (]: SQL status: CREATE VIEW in 0.033 seconds
[0m22:38:19.334137 [debug] [Thread-2 (]: On model.red_pandas_project.stg_orders: /* {"app": "dbt", "dbt_version": "1.11.2", "profile_name": "red_pandas_project", "target_name": "dev", "node_id": "model.red_pandas_project.stg_orders"} */
alter table "postgres"."staging"."stg_orders__dbt_tmp" rename to "stg_orders"
[0m22:38:19.335980 [debug] [Thread-1 (]: Using postgres connection "model.red_pandas_project.stg_customer"
[0m22:38:19.336223 [debug] [Thread-3 (]: SQL status: CREATE VIEW in 0.035 seconds
[0m22:38:19.336727 [debug] [Thread-1 (]: On model.red_pandas_project.stg_customer: /* {"app": "dbt", "dbt_version": "1.11.2", "profile_name": "red_pandas_project", "target_name": "dev", "node_id": "model.red_pandas_project.stg_customer"} */
alter table "postgres"."staging"."stg_customer__dbt_tmp" rename to "stg_customer"
[0m22:38:19.338892 [debug] [Thread-3 (]: Using postgres connection "model.red_pandas_project.stg_products"
[0m22:38:19.339192 [debug] [Thread-2 (]: SQL status: ALTER TABLE in 0.003 seconds
[0m22:38:19.339595 [debug] [Thread-3 (]: On model.red_pandas_project.stg_products: /* {"app": "dbt", "dbt_version": "1.11.2", "profile_name": "red_pandas_project", "target_name": "dev", "node_id": "model.red_pandas_project.stg_products"} */
alter table "postgres"."staging"."stg_products" rename to "stg_products__dbt_backup"
[0m22:38:19.346625 [debug] [Thread-1 (]: SQL status: ALTER TABLE in 0.007 seconds
[0m22:38:19.350156 [debug] [Thread-2 (]: On model.red_pandas_project.stg_orders: COMMIT
[0m22:38:19.351260 [debug] [Thread-1 (]: On model.red_pandas_project.stg_customer: COMMIT
[0m22:38:19.351918 [debug] [Thread-2 (]: Using postgres connection "model.red_pandas_project.stg_orders"
[0m22:38:19.352252 [debug] [Thread-1 (]: Using postgres connection "model.red_pandas_project.stg_customer"
[0m22:38:19.352497 [debug] [Thread-2 (]: On model.red_pandas_project.stg_orders: COMMIT
[0m22:38:19.352716 [debug] [Thread-3 (]: SQL status: ALTER TABLE in 0.002 seconds
[0m22:38:19.352936 [debug] [Thread-1 (]: On model.red_pandas_project.stg_customer: COMMIT
[0m22:38:19.354949 [debug] [Thread-3 (]: Using postgres connection "model.red_pandas_project.stg_products"
[0m22:38:19.355303 [debug] [Thread-2 (]: SQL status: COMMIT in 0.002 seconds
[0m22:38:19.355648 [debug] [Thread-3 (]: On model.red_pandas_project.stg_products: /* {"app": "dbt", "dbt_version": "1.11.2", "profile_name": "red_pandas_project", "target_name": "dev", "node_id": "model.red_pandas_project.stg_products"} */
alter table "postgres"."staging"."stg_products__dbt_tmp" rename to "stg_products"
[0m22:38:19.359605 [debug] [Thread-2 (]: Applying DROP to: "postgres"."staging"."stg_orders__dbt_backup"
[0m22:38:19.359894 [debug] [Thread-1 (]: SQL status: COMMIT in 0.005 seconds
[0m22:38:19.363498 [debug] [Thread-2 (]: Using postgres connection "model.red_pandas_project.stg_orders"
[0m22:38:19.363807 [debug] [Thread-3 (]: SQL status: ALTER TABLE in 0.004 seconds
[0m22:38:19.365277 [debug] [Thread-1 (]: Applying DROP to: "postgres"."staging"."stg_customer__dbt_backup"
[0m22:38:19.365703 [debug] [Thread-2 (]: On model.red_pandas_project.stg_orders: /* {"app": "dbt", "dbt_version": "1.11.2", "profile_name": "red_pandas_project", "target_name": "dev", "node_id": "model.red_pandas_project.stg_orders"} */
drop view if exists "postgres"."staging"."stg_orders__dbt_backup" cascade
[0m22:38:19.367852 [debug] [Thread-3 (]: On model.red_pandas_project.stg_products: COMMIT
[0m22:38:19.368262 [debug] [Thread-1 (]: Using postgres connection "model.red_pandas_project.stg_customer"
[0m22:38:19.368575 [debug] [Thread-3 (]: Using postgres connection "model.red_pandas_project.stg_products"
[0m22:38:19.368825 [debug] [Thread-1 (]: On model.red_pandas_project.stg_customer: /* {"app": "dbt", "dbt_version": "1.11.2", "profile_name": "red_pandas_project", "target_name": "dev", "node_id": "model.red_pandas_project.stg_customer"} */
drop view if exists "postgres"."staging"."stg_customer__dbt_backup" cascade
[0m22:38:19.369054 [debug] [Thread-3 (]: On model.red_pandas_project.stg_products: COMMIT
[0m22:38:19.369935 [debug] [Thread-2 (]: SQL status: DROP VIEW in 0.001 seconds
[0m22:38:19.371526 [debug] [Thread-2 (]: On model.red_pandas_project.stg_orders: Close
[0m22:38:19.371778 [debug] [Thread-1 (]: SQL status: DROP VIEW in 0.003 seconds
[0m22:38:19.372018 [debug] [Thread-3 (]: SQL status: COMMIT in 0.003 seconds
[0m22:38:19.374596 [debug] [Thread-1 (]: On model.red_pandas_project.stg_customer: Close
[0m22:38:19.374945 [debug] [Thread-2 (]: Sending event: {'category': 'dbt', 'action': 'run_model', 'label': '2f69d0ac-b35f-400c-9103-a6b8f61329bf', 'context': [<snowplow_tracker.self_describing_json.SelfDescribingJson object at 0x103508bc0>]}
[0m22:38:19.377118 [debug] [Thread-3 (]: Applying DROP to: "postgres"."staging"."stg_products__dbt_backup"
[0m22:38:19.377608 [info ] [Thread-2 (]: 2 of 4 OK created sql view model staging.stg_orders ............................ [[32mCREATE VIEW[0m in 0.12s]
[0m22:38:19.377971 [debug] [Thread-1 (]: Sending event: {'category': 'dbt', 'action': 'run_model', 'label': '2f69d0ac-b35f-400c-9103-a6b8f61329bf', 'context': [<snowplow_tracker.self_describing_json.SelfDescribingJson object at 0x1106e48f0>]}
[0m22:38:19.378343 [debug] [Thread-3 (]: Using postgres connection "model.red_pandas_project.stg_products"
[0m22:38:19.378711 [debug] [Thread-2 (]: Finished running node model.red_pandas_project.stg_orders
[0m22:38:19.379081 [info ] [Thread-1 (]: 1 of 4 OK created sql view model staging.stg_customer .......................... [[32mCREATE VIEW[0m in 0.12s]
[0m22:38:19.379340 [debug] [Thread-3 (]: On model.red_pandas_project.stg_products: /* {"app": "dbt", "dbt_version": "1.11.2", "profile_name": "red_pandas_project", "target_name": "dev", "node_id": "model.red_pandas_project.stg_products"} */
drop view if exists "postgres"."staging"."stg_products__dbt_backup" cascade
[0m22:38:19.379786 [debug] [Thread-1 (]: Finished running node model.red_pandas_project.stg_customer
[0m22:38:19.386897 [debug] [Thread-3 (]: SQL status: DROP VIEW in 0.007 seconds
[0m22:38:19.388001 [debug] [Thread-3 (]: On model.red_pandas_project.stg_products: Close
[0m22:38:19.388450 [debug] [Thread-3 (]: Sending event: {'category': 'dbt', 'action': 'run_model', 'label': '2f69d0ac-b35f-400c-9103-a6b8f61329bf', 'context': [<snowplow_tracker.self_describing_json.SelfDescribingJson object at 0x110a9a570>]}
[0m22:38:19.388960 [info ] [Thread-3 (]: 3 of 4 OK created sql view model staging.stg_products .......................... [[32mCREATE VIEW[0m in 0.13s]
[0m22:38:19.389443 [debug] [Thread-3 (]: Finished running node model.red_pandas_project.stg_products
[0m22:38:19.390032 [debug] [Thread-4 (]: Began running node model.red_pandas_project.stg_order_lines
[0m22:38:19.390402 [info ] [Thread-4 (]: 4 of 4 START sql view model staging.stg_order_lines ............................ [RUN]
[0m22:38:19.390722 [debug] [Thread-4 (]: Acquiring new postgres connection 'model.red_pandas_project.stg_order_lines'
[0m22:38:19.390942 [debug] [Thread-4 (]: Began compiling node model.red_pandas_project.stg_order_lines
[0m22:38:19.394662 [debug] [Thread-4 (]: Writing injected SQL for node "model.red_pandas_project.stg_order_lines"
[0m22:38:19.395384 [debug] [Thread-4 (]: Began executing node model.red_pandas_project.stg_order_lines
[0m22:38:19.433794 [debug] [Thread-4 (]: Writing runtime sql for node "model.red_pandas_project.stg_order_lines"
[0m22:38:19.434500 [debug] [Thread-4 (]: Using postgres connection "model.red_pandas_project.stg_order_lines"
[0m22:38:19.434838 [debug] [Thread-4 (]: On model.red_pandas_project.stg_order_lines: /* {"app": "dbt", "dbt_version": "1.11.2", "profile_name": "red_pandas_project", "target_name": "dev", "node_id": "model.red_pandas_project.stg_order_lines"} */

  create view "postgres"."staging"."stg_order_lines__dbt_tmp"
    
    
  as (
    

with orders as (
    select * from "postgres"."staging"."stg_orders"
),

exploded as (
    select
        o.order_id,
        o.created_at,
        o.customer_id,
        p.key                               as product_name,
        p.value::numeric(10,2)              as unit_price,
        q.value::int                        as quantity,
        (p.value::numeric(10,2) * q.value::int) as line_total
    from orders o
    cross join lateral jsonb_each(o.order_products) as p(key, value)
    cross join lateral jsonb_each(o.order_quantity) as q(key, value)
    where p.key = q.key
),

final as (
    select
        e.order_id,
        e.created_at,
        e.customer_id,
        pr.product_id,
        e.product_name,
        e.unit_price,
        e.quantity,
        e.line_total
    from exploded e
    left join "postgres"."staging"."stg_products" pr
        on e.product_name = pr.product_name
)

select * from final
  );
[0m22:38:19.435189 [debug] [Thread-4 (]: Opening a new connection, currently in state init
[0m22:38:19.456311 [debug] [Thread-4 (]: SQL status: CREATE VIEW in 0.021 seconds
[0m22:38:19.458484 [debug] [Thread-4 (]: Using postgres connection "model.red_pandas_project.stg_order_lines"
[0m22:38:19.458827 [debug] [Thread-4 (]: On model.red_pandas_project.stg_order_lines: /* {"app": "dbt", "dbt_version": "1.11.2", "profile_name": "red_pandas_project", "target_name": "dev", "node_id": "model.red_pandas_project.stg_order_lines"} */
alter table "postgres"."staging"."stg_order_lines__dbt_tmp" rename to "stg_order_lines"
[0m22:38:19.460176 [debug] [Thread-4 (]: SQL status: ALTER TABLE in 0.001 seconds
[0m22:38:19.461042 [debug] [Thread-4 (]: On model.red_pandas_project.stg_order_lines: COMMIT
[0m22:38:19.461300 [debug] [Thread-4 (]: Using postgres connection "model.red_pandas_project.stg_order_lines"
[0m22:38:19.461512 [debug] [Thread-4 (]: On model.red_pandas_project.stg_order_lines: COMMIT
[0m22:38:19.463294 [debug] [Thread-4 (]: SQL status: COMMIT in 0.002 seconds
[0m22:38:19.464623 [debug] [Thread-4 (]: Applying DROP to: "postgres"."staging"."stg_order_lines__dbt_backup"
[0m22:38:19.464979 [debug] [Thread-4 (]: Using postgres connection "model.red_pandas_project.stg_order_lines"
[0m22:38:19.465203 [debug] [Thread-4 (]: On model.red_pandas_project.stg_order_lines: /* {"app": "dbt", "dbt_version": "1.11.2", "profile_name": "red_pandas_project", "target_name": "dev", "node_id": "model.red_pandas_project.stg_order_lines"} */
drop view if exists "postgres"."staging"."stg_order_lines__dbt_backup" cascade
[0m22:38:19.466100 [debug] [Thread-4 (]: SQL status: DROP VIEW in 0.001 seconds
[0m22:38:19.466934 [debug] [Thread-4 (]: On model.red_pandas_project.stg_order_lines: Close
[0m22:38:19.467391 [debug] [Thread-4 (]: Sending event: {'category': 'dbt', 'action': 'run_model', 'label': '2f69d0ac-b35f-400c-9103-a6b8f61329bf', 'context': [<snowplow_tracker.self_describing_json.SelfDescribingJson object at 0x10776e780>]}
[0m22:38:19.467809 [info ] [Thread-4 (]: 4 of 4 OK created sql view model staging.stg_order_lines ....................... [[32mCREATE VIEW[0m in 0.08s]
[0m22:38:19.468166 [debug] [Thread-4 (]: Finished running node model.red_pandas_project.stg_order_lines
[0m22:38:19.469039 [debug] [MainThread]: On master: COMMIT
[0m22:38:19.469377 [debug] [MainThread]: Using postgres connection "master"
[0m22:38:19.469586 [debug] [MainThread]: On master: COMMIT
[0m22:38:19.469756 [debug] [MainThread]: Opening a new connection, currently in state closed
[0m22:38:19.485209 [debug] [MainThread]: SQL status: COMMIT in 0.015 seconds
[0m22:38:19.485556 [debug] [MainThread]: On master: Close
[0m22:38:19.485846 [debug] [MainThread]: Connection 'master' was properly closed.
[0m22:38:19.488180 [debug] [MainThread]: Connection 'model.red_pandas_project.stg_customer' was properly closed.
[0m22:38:19.489167 [debug] [MainThread]: Connection 'model.red_pandas_project.stg_orders' was properly closed.
[0m22:38:19.489356 [debug] [MainThread]: Connection 'model.red_pandas_project.stg_products' was properly closed.
[0m22:38:19.489521 [debug] [MainThread]: Connection 'model.red_pandas_project.stg_order_lines' was properly closed.
[0m22:38:19.489762 [info ] [MainThread]: 
[0m22:38:19.489984 [info ] [MainThread]: Finished running 4 view models in 0 hours 0 minutes and 0.39 seconds (0.39s).
[0m22:38:19.490613 [debug] [MainThread]: Command end result
[0m22:38:19.510864 [debug] [MainThread]: Wrote artifact WritableManifest to /Users/brendanwallace-nash/Documents/red_pandas_project/dbt/dbt/target/manifest.json
[0m22:38:19.512224 [debug] [MainThread]: Wrote artifact SemanticManifest to /Users/brendanwallace-nash/Documents/red_pandas_project/dbt/dbt/target/semantic_manifest.json
[0m22:38:19.516024 [debug] [MainThread]: Wrote artifact RunExecutionResult to /Users/brendanwallace-nash/Documents/red_pandas_project/dbt/dbt/target/run_results.json
[0m22:38:19.516271 [info ] [MainThread]: 
[0m22:38:19.516513 [info ] [MainThread]: [32mCompleted successfully[0m
[0m22:38:19.516704 [info ] [MainThread]: 
[0m22:38:19.516909 [info ] [MainThread]: Done. PASS=4 WARN=0 ERROR=0 SKIP=0 NO-OP=0 TOTAL=4
[0m22:38:19.518883 [debug] [MainThread]: Resource report: {"command_name": "run", "command_success": true, "command_wall_clock_time": 0.93667, "process_in_blocks": "0", "process_kernel_time": 0.316767, "process_mem_max_rss": "145342464", "process_out_blocks": "0", "process_user_time": 1.607722}
[0m22:38:19.519283 [debug] [MainThread]: Command `dbt run` succeeded at 22:38:19.519223 after 0.94 seconds
[0m22:38:19.519552 [debug] [MainThread]: Sending event: {'category': 'dbt', 'action': 'invocation', 'label': 'end', 'context': [<snowplow_tracker.self_describing_json.SelfDescribingJson object at 0x10580ab70>, <snowplow_tracker.self_describing_json.SelfDescribingJson object at 0x10597bfe0>, <snowplow_tracker.self_describing_json.SelfDescribingJson object at 0x110b76120>]}
[0m22:38:19.519815 [debug] [MainThread]: Flushing usage events
[0m22:38:20.475325 [debug] [MainThread]: An error was encountered while trying to flush usage events
